Chimp,Rater,Q day,Q month,Q year,Known day,K month,K year,Known months,Time,Q1,Q2,Q3,Q4.1,Q4.2,Q5,Q6.1,Q6.2,Q7,Q8,Q9,Q10,SWB Day,SWB Month,SWB Year,SWB Q1,SWB Q2,SWB Q3,SWB Q4,Welfare comments,1,2,3,4.1,4.2,5,6.1,6.2,Positive,7 comments,Negative,8 comment,9,10
Pearl,MW95,18,10,2014,,,,12,1,3,4,2,3,3,3,3,2,4,4,2,2,18,10,2014,5,4,5,4,,shift on her feet,she gets scared when any conflict kicks off and starts screaming,,,,She used most of enclosure but prefers certain areas as they're safer. She does (something) and particpates in research,,,"Goes outside to forage, allogrooms",,She gets stressed by others very easily and draws attention to herself by screaming,,,
Sofie,MW95,18,10,2014,,,,12,1,3,4,2,3,4,4,3,2,3,4,2,2,18,10,2014,4,3,5,3,,,she often gets scared during conflict,she needs reassurance to calm down and may get this from the keepers,,likes to groom with others,goes outside a lot and uses all of enclosure. Doesn't really participate in research well,,often screams during conflict,"allogrooming, going outside, spending time with others",,regurgiates alots and self plucks frantically on occasions ,,,
Cindy,MW95,18,10,2014,,,,12,1,4,2,3,2,3,4,3,2,3,3,3,2,18,10,2014,3,3,5,4,,in good condition for her age,"she scratches a lot, spends a lto of time being alert and monitoring others. She's low ranking so likes to keep out of the way",,,she spends a lot of time alone,spends a lot of time outside. Takes part in research when it's safe to do so,,"She's very submissive to others, esp Qufeeh","Going outside, sometimes groomed by Emma and Lucy",,"Often alert and nervous, mostly avoid Pod 2",,,
Lucy,MW95,14,10,2014,,,,12,1,2,2,4,4,4,3,3,3,4,3,3,3,14,10,2014,5,6,6,5,,very overweight,,,,,she has trouble getting around so doesn't move a great deal,,,"allogrooming, social interactions, goes outside",,"alloplucking, self plucking, lies around a lot",,,
Heleen,MW95,14,10,2014,,,,12,1,4,4,3,5,5,3,3,4,4,3,4,3,14,10,2014,5,6,4,5,,current carrying sixteen week old infant,,often seeks researruance from others,atm: she's getting a lot of attention due to the baby and appears to really enjoy it. She has more of a lower beforehand,"gets a lot of positive attention, grooming and play",she rarely goes outside and usually begs food off others during scatter feeds,,"she's very submissive to others, esp males, and usally approaches them post-conflict to reassure or show submission","spending a lot of time in company, playing, and being groomed",,scared to go outside,,,
Liberius,MW95,14,10,2014,,,,12,1,4,4,4,3,3,4,3,2,4,3,2,3,14,10,2014,4,3,5,4,,very fit but bald from plucking,"the youngest adult male in the group, he's trying to assert his dominance but often ends up the target of fights",,,,goes to all parts of the enclosure and is quite active; takes part in enrichment and research,,I think he'd like to be more dominant,"active, socially engaged, play, allogroom",,allopluck and self pluck,,socially speaking,
Rene,MW95,12,10,2014,,,,12,1,4,4,2,5,5,3,3,4,4,4,3,3,12,10,2014,7,6,4,4,,he looks well but I donêt know his medical health history,He's usually wound up by others displaying,Rene often sits in a ???,,"Rene loves social contact and spends a lot of time maintaining positive relationships, esp w the ladies (!). He is more motivated by social interactions than food",He does take part in research but doesn't spend much time outside,I think he cares more about social aspects,,"social interactions, allogrooming, play",,"sitting on his own, rocking",,,
Qafzeh,MW95,12,10,2014,,,,12,1,4,4,4,4,4,4,3,3,4,3,3,2,12,10,2014,4,4,6,5,,"Physically fit but has wound on left inner elbow, is quite bald from overplucking","Qafzeh is alpha so gets involved when a fight kicks off, when he does he often gets quite stressed and looks fearful. I think he prefers to spend time alone outside under his blanket",he has a good ó and social support and often gets reassurance from other chimps during/after a fight,,,"He engages with enrichment, research (sometimes!) and spends a lot of time outside, often leading patrols around the outdoor enclosure",he ges frustrated when shut inside,he appears frustrated when other display,"moves around a lot, allogrooms, likes to go outside",,engages in alloplucking,,,
Lianne,MW95,12,10,2014,,,,12,1,3,4,2,2,2,,3,2,3,4,2,2,12,10,2014,3,3,4,2,,small and skinny,,she's low ranking and often gets beat up by Paul,,she often goes out of her way to get others' attention and sometimes get beat up for it ,I'm not sure I would 'bored' but she often appears to lack stimulation,,I think she'd like more attention and positive interaction,"allogrooming, spending time with others",,"regurgitating, t&d, eating faeces, spending time alone, doesn't go outside much",,,
Eva,MW95,10,10,2014,,,,12,1,4,2,4,5,5,4,2,4,4,2,4,4,10,10,2014,6,6,6,5,,atm she is continuously swollen which must be physically and sociall uncomfortalbe,,,"Eva is alpha female, she gets a lot of attention",,She uses the entire enclosure and enjoys engaging with enrichment and research active,I think Eva would like more control over where she goes and what she can do. She's very curious about doors/windows,as alpha female she has a lot of say in group dynamics but sometimes loses control during male-male aggression,"allogroom, active, socially involved, goes outside",,?,,,
Emma,MW95,10,10,2014,,,,12,1,3,3,4,4,4,3,3,4,4,4,4,4,10,10,2014,5,6,6,5,,overweight,"Emma used to be alpha, now her son is alpha so she usually gets inolved in group conflict",,,,Uses most of enclosure and take part in research/enrichment but she does spend a lot of time sitting and grooming with others,,,Good social relationships,,self and allohair plucking,,,
Paul,MW95,9,10,2014,,,,12,1,3,4,2,2,3,,2,2,3,4,2,,10,10,2014,3,4,5,1,,I don't know his medical history,I think he has pstd from being in a lab,"Spends a lots of time alone, rocking, ó, regurging",he's not very social ,He seems to enjoy interacting on his own terms,"Hard to tell. He spends a lot of time in stereotypies, I don't think he's bored so much as chooses not to be engaged",I don't think he really ó,Paul wants to be left alone a lot of the time and appears to get annoyed when Ferndes follow him loking for his reassurance,"allogrooming, playing with others, going outside",,"regurgitating, pacing, shaking, rocking",,,
Kindia,MW95,15,10,2014,,,,12,1,4,4,4,4,4,4,4,2,4,2,3,3,15,10,2014,4,4,6,5,,,spends a lot of time displaying,often seeks reassurance from others during aggression,,,"uses the whole enclosure, sometimes takes part in research and enrichment",,I think he's like to be alpha,"active, plays and grooms with others",,"often invovled in aggression, but he usually starts it!",,,
Edith,MW95,15,10,2014,,,,12,1,4,4,4,5,5,4,2,4,4,3,4,2,15,10,2014,5,6,7,6,,swollen a lot,displays quite often,,,,"goes outside a lot, engages well with research and enrichment, loves to carry objects around!",I don't think she likes change- eg a slide being put in certain place where it wasn't before,Daughter of alpha so she's pretty high ranking and socially active,"allogrooming, spending time with others, uses entire enclosure",,often has bad diarhea (not a behav though!),,,
Frek,MW95,15,10,2014,,,,12,1,4,3,4,4,4,3,3,3,4,4,3,3,15,10,2014,5,6,4,5,,"don't know med history, sometimes has a bad cough",,,,,,,,"allogrooming, play, spending time with others",,,often lies in basket on own and rubs feet together repetitively and regurges,,
Kilimi,MW95,17,10,2014,,,,12,1,4,3,4,3,3,4,3,2,4,2,4,4,17,10,2014,5,5,6,5,,but she's overweight,tried to stay out of the way during fights,,,,"uses entire enclosure, particpates in research and enrichment",,,"seems relaxed most of the time, moves around enclosure",,,,eats too much,
David,MW95,17,10,2014,,,,12,1,3,4,3,2,3,4,3,2,3,4,2,2,17,10,2014,4,3,4,3,,dangly nipple!,Folllows others around a lot and then gets involved in conflict,,,I think he'd like more social contact,"uses most of enclosure, goes outside a lot, uses enrichment",,often seems frstrated when females ignore him,"spend time with others, allogrooming, quite active",,,"pulls on his nipple, eats faeces, drinks urine",,
Louis,MW95,17,10,2014,,,,12,1,4,3,4,4,4,4,3,3,4,2,4,3,17,10,2014,5,5,6,5,,Louis is wild caught (not sure if that's relevant),,,,,goes outside a lot,,,"allogrooms, seems to have a good social network, active",,,?,,
Frek,RG86,25,9,2014,,,,36,1,5,2,4,5,5,4,5,4,5,2,5,5,25,9,2014,7,7,6,7,,,,,,,,,,,"play, grooming, mating",,"regurgitating, over grooming (hair plucking)",,
Louis,XH30,20,11,2014,,,,168,1,3,2,4,3,3,3,3,3,4,2,4,3,,,2014,4,5,5,5,,has some age related arthritis and recurrent eye problem (eyelashes curl into his right eye causing irritation,,,,,,,,"grooming other chimps, mating females, using enrichment, especially tool based, taking part in research",,,,,
Sofie,RG86,25,9,2014,,,,36,1,4,4,3,3,3,4,4,3,3,3,3,3,25,9,2014,5,5,4,5,,,,,,,,,,"play, grooming","head spinning, swinging on the same piece of rope, regurgitating(stereotyping)",,,,
Emma,RG86,25,9,2014,,,,36,1,3,2,4,3,3,3,4,3,3,2,4,4,25,9,2014,5,6,5,6,,,,,,,,,,grooming,,overgrooming(hair plucking),,,
Edith,RG86,25,9,2014,,,,36,1,5,1,5,5,5,5,4,5,5,1,5,5,25,9,2014,7,7,,6,,,,,,,,,,"play, grooming, mating",,,,,
Qafzeh,RG86,25,9,2014,,,,36,1,5,2,5,4,4,4,4,5,4,1,5,5,25,9,2014,7,6,7,6,,,,,,,,,,"play, grooming, mating",,,,,
Paul,XH30,2,10,2014,,,,38,1,3,2,3,3,3,3,3,3,4,2,3,3,10,2,2014,4,5,6,4,,Paul currently has some minor wounds whch are typical of chimps (particularly males) living in a large group. He also has some diarrhea but this is related to previous health while living in a lab,,,,,,,,"frequently mate receptive females, grooms and is grooming by others in the group; displays frequently, eats well, enjoys enrichment, occasionally takes part in research/training",,persistant diarrhea,,very difficult to assess this if you mean his whole life because of his lab background which we know very little of. Since joining our group more positive than negative,
Kindia,RG86,25,9,2014,,,,36,1,5,2,5,5,5,4,4,4,4,2,5,4,25,9,2014,6,5,5,4,,,rarely only because as he likes to act as a mediator and diffuse any disputes within the group. I think this only could 'harm' his health by a physical injury,,,,,,,"play, grooming, mating",,over grooming (plucking),,,
Lianne,XH30,2,10,2014,,,,38,1,3,2,3,3,4,4,4,3,4,2,4,3,2,10,2014,4,5,5,4,,,,,,,,,,"she feeds very well, able to beg food from conspecifics or they allow her to take food from them. Interacts with conspecifics (grooming, playin, fighting). Uses enrichment",,"sometimes regurgitates food, sometimes sits apart from others",,,
Kilimi,XH30,2,10,2014,,,,168,1,5,2,4,4,4,5,4,3,4,1,5,4,10,2,2014,6,5,5,5,,,,,,,,,,"very interested in enrichment, research, training. Interacts with different members of the group including family members. Interacts well with keepers",,,,,
Lucy,XH30,2,10,2014,,,,168,1,2,2,5,4,5,4,4,4,4,1,4,4,10,2,2014,5,6,5,5,,Lucy is overweight and has arthritic knees so can struggle to move as well as the other chimps,,,,,,,,"lots of interactions with one conspecific in particular and same with most of the rest of the group. Interested in enrichment, training/research",,,,,
Cindy,XH30,2,10,2014,,,,168,1,5,2,5,4,4,5,4,4,4,1,5,5,2,10,2014,6,5,6,6,,"For her age, Cindy is very fit, healthy",,,,,,,,"Enjoys enrichment, research, training. Interacting with other chimps and keepers. Enjoys her environment (watching vistors, etc)",,,,,
Eva,NG24,29,10,2014,,,,36,1,5,2,4,4,4,4,4,5,5,2,5,4,29,10,2014,6,6,7,6,,,,,,,,,,"natural behaviours are shown for most of the day. Grooming, foraging, interacting with others",,raspberry blowing,,,
Heleen,AW84,4,11,2014,,,,48,1,3,3,3,3,3,4,3,3,4,3,3,5,16,12,2014,5,5,5,5,,,,,,,,,,"She has recently had a baby and she behaves exactly as a mother chimp should.  She plays, instigates play and grooms others, she displays all the characteristics a female breeding chimp should",,Heleen has a stereotypical nod that she does.,,,
Liberius,AW84,4,11,2014,,,,48,1,4,3,3,2,3,4,3,3,4,3,3,3,16,12,2014,4,4,4,4,,,,,,,,,"Liberius is 15 years old ans not quite found his place in the troop, however he is the biggest chimp we have and does use this to his advantage _ causing unnecessary fights and displaying a lot.","Playing, grooming other individuals, mating females",,plucking,,,
David,AW84,27,10,2014,,,,48,1,5,3,3,3,3,4,2,2,4,3,3,3,16,12,2014,5,4,4,4,,Although David is our oldest male Chimp he is in remarkable condition for his age,,,,,,,,,,He sucks on his own nipple,,,
Rene,AW84,27,10,2014,,,,48,1,3,3,3,4,4,4,4,4,4,4,3,2,16,12,2014,5,6,5,5,,"It is important to note that Rene is an ex-lab chimp, he occasionally displays feelings not common with the other non-lab Chimpanzees, we donêt know the details of what happened to him in the lab but it has definitely left a lasting mark.  Sometimes he loses weight very quickly and goes into what we call ¥Rene worldê when his eyes glaze over and he appears to slip into a deep depression and we have to do everything in our power to pull him back out. His current physical appearance is good but this can change quickly with Rene.",,"He copes well at Edinburgh Zoo he manages to comfort individuals and be comforted and he will also sometimes be the cause of some displaying. But copes badly with whatever has happened in his past, the lasting effects appear occasionally but there never seems to be an obvious trigger",,Rene often copes with difficult situations with ¥playê and is a very popular chimp in the group.  Often the first to defend and reassure individuals.,,,,,,: see comments above,see comments above,,
Pearl,AW84,27,10,2014,,,,48,1,2,4,2,2,2,4,4,2,3,3,2,2,16,12,2014,3,3,4,3,,Pearl is overweight,"Pearl is subordinate and often gets picked on by the males, more often than not for no reason",It takes her a long time to stop screaming and accept reassurance from others,,,"Pearl enjoys taking part in cognitive research e.g. puzzle boxes, touch screens.  And makes good use of her enclosures",,,"grooming, playing, nest building",,"Gets very upset with members of the group, especially when she is being picked on.  Spends more than a normal amount of time on her own.",,,
Pearl,XY89,1,8,2014,,,,3,1,4,4,2,3,3,3,4,2,4,3,3,3,1,8,2014,4,4,3,4,,0,Seems to be targeted by e.g. Paul,Screams and draws attention to self when target of aggression,,,0,,,0,,Target of aggression,,,
Sofie,XY89,1,8,2014,,,,3,1,3,4,3,3,3,3,4,3,3,4,3,2,1,8,2014,4,3,3,3,,0,0,0,,,0,,,0,,Regurgitation,,,
Cindy,XY89,1,8,2014,,,,3,1,4,4,4,3,4,3,4,3,4,2,3,2,1,8,2014,3,3,6,4,,0,0,Good at getting out of the way when there is aggression within the group,,,0,,,0,,0,,,
Lucy,XY89,1,8,2014,,,,3,1,2,2,4,4,4,3,4,3,4,2,3,3,1,8,2014,5,4,6,5,,overweight; mobility issues,0,0,,,0,,,0,,0,,,
Heleen,XY89,1,8,2014,,,,3,1,4,4,3,3,3,3,4,3,3,3,3,2,1,8,2014,3,5,4,3,,0,0,0,,,0,,,0,,0,,,
Liberius,XY89,1,8,2014,,,,3,1,3,3,3,3,3,2,4,3,4,4,3,3,1,8,2014,4,4,3,4,,Bald patches,0,0,,,0,,,0,,Fur plucking,,,
Rene,XY89,1,8,2014,,,,3,1,5,2,4,4,4,4,4,3,4,3,4,3,1,8,2014,6,6,3,5,,0,0,0,,,0,,,engages in frequent grooming sessions; good physical appearance,,Fur plucking,,,
Qafzeh,XY89,1,8,2014,,,,3,1,5,2,4,4,4,4,4,4,4,2,5,4,1,8,2014,5,6,7,6,,"Smooth, glossy fur",0,0,,,0,,,Good physical appearance,,0,,,
Lianne,XY89,1,8,2014,,,,3,1,3,3,3,3,3,3,4,3,3,3,3,2,1,8,2014,3,3,3,3,,0,0,0,,,0,,,0,,0,,,
Eva,XY89,1,8,2014,,,,3,1,4,2,4,4,4,3,4,4,4,2,4,4,1,8,2014,5,6,6,5,,0,0,0,,,0,,,engages in frequent grooming sessions,,0,,,
Emma,XY89,1,8,2014,,,,3,1,2,2,4,4,4,4,4,4,4,3,4,4,1,8,2014,6,6,7,6,,overweight,0,0,,,0,,,0,,Spinning during locomotion,,,
Paul,XY89,1,8,2014,,,,3,1,4,2,4,3,3,2,4,3,3,2,3,3,1,8,2014,4,4,3,3,,0,0,0,,,0,,,0,,0,,,
Kindia,XY89,1,8,2014,,,,3,1,4,3,3,3,3,4,4,2,3,2,3,3,1,8,2014,4,4,3,3,,0,0,0,,,0,,,0,,0,,,
Edith,XY89,1,8,2014,,,,3,1,4,2,4,4,3,3,4,4,4,2,4,4,1,8,2014,6,6,4,6,,0,0,0,,,0,,,engages in frequent grooming sessions,,0,,,
Frek,XY89,1,8,2014,,,,3,1,5,3,3,4,4,4,4,3,4,2,4,4,1,8,2014,3,4,3,4,,0,Seems to dislike lots of people at window of research pod,0,,,plays with objects,,,playful,,0,,,
Kilimi,XY89,1,8,2014,,,,3,1,3,4,3,3,3,3,4,2,3,3,3,2,1,8,2014,6,5,6,5,,slightly overweight,0,0,,,0,,,0,,Seems stressed by intergroup aggression,,,
David,XY89,1,8,2014,,,,3,1,4,2,4,4,3,4,4,4,4,4,4,3,1,8,2014,6,5,6,5,,0,0,0,,,0,,,0,,Sucking own nipple,,,
Louis,XY89,1,8,2014,,,,3,1,4,2,4,4,3,4,4,4,4,2,4,3,1,8,2014,5,5,6,5,,0,0,0,,,0,,,0,,0,,,
Africa,VG41,15,4,2015,,,,5,1,3,4,4,4,4,4,4,4,4,2,5,5,,,,6,6,6,6,,,,,,,,,,,,,,,
Bea,VG41,15,4,2015,,,,5,1,4,3,3,3,4,4,3,3,4,3,5,4,,,,5,6,6,5,,,,,,,,,,,,,,,
Coco,VG41,15,4,2015,,,,5,1,4,4,4,4,4,4,4,4,4,1,5,5,,,,6,6,6,6,,,,,,,,,,,,,,,
Nico,VG41,15,4,2015,,,,5,1,3,4,4,4,4,4,4,4,4,2,5,5,,,,6,6,6,6,,,,,,,,,,,,,,,
Tico,VG41,15,4,2015,,,,5,1,4,4,4,3,3,2,3,3,3,1,4,4,,,,4,5,6,5,,,,,,,,,,,,,,,
Tom,VG41,15,4,2015,,,,5,1,4,2,2,1,2,2,1,1,2,5,1,1,,,,2,3,3,2,,,,,,,,,,,,,,,
Victor,VG41,15,4,2015,,,,5,1,3,4,4,3,4,3,3,3,4,3,5,4,,,,6,6,6,6,,,,,,,,,,,,,,,
Waty,VG41,15,4,2015,,,,5,1,4,4,4,4,4,4,4,4,4,1,5,5,,,,6,6,6,6,,,,,,,,,,,,,,,
Bongo,VG41,15,4,2015,,,,5,1,4,3,3,3,4,4,4,4,4,2,4,4,,,,5,6,6,6,,,,,,,,,,,,,,,
Charly,VG41,15,4,2015,,,,5,1,4,4,4,5,5,4,4,4,5,3,5,5,,,,6,6,6,6,,,,,,,,,,,,,,,
Marco,VG41,15,4,2015,,,,5,1,4,4,4,5,5,4,4,4,5,1,5,5,,,,6,6,6,6,,,,,,,,,,,,,,,
Juan,VG41,15,4,2015,,,,5,1,3,4,4,3,3,2,3,3,3,1,4,4,,,,5,6,6,6,,,,,,,,,,,,,,,
Toni,VG41,15,4,2015,,,,5,1,4,3,3,3,3,3,2,2,3,3,3,3,,,,4,5,5,5,,,,,,,,,,,,,,,
Africa,NF71,26,6,2015,,,,5,1,3,4,3,3,3,3,4,4,4,4,2,3,,,,4,6,6,5,,,,,,,,,,,,,,,
Bea,NF71,26,6,2015,,,,5,1,4,4,4,2,2,2,2,2,4,3,3,3,,,,3,4,3,3,,,,,,,,,,,,,,,
Coco,NF71,26,6,2015,,,,5,1,3,3,3,2,2,2,2,2,2,3,3,2,,,,2,4,2,2,,,,,,,,,,,,,,,
Nico,NF71,26,6,2015,,,,5,1,2,2,5,3,3,4,4,4,4,2,4,5,,,,6,5,5,6,,,,,,,,,,,,,,,
Tico,NF71,26,6,2015,,,,5,1,3,4,2,2,2,2,2,2,2,4,2,1,,,,2,4,4,2,,,,,,,,,,,,,,,
Tom,NF71,26,6,2015,,,,5,1,4,5,3,2,2,3,2,2,3,3,3,2,,,,3,2,3,3,,,,,,,,,,,,,,,
Victor,NF71,26,6,2015,,,,5,1,2,5,3,3,3,3,3,3,2,3,2,3,,,,3,4,4,4,,,,,,,,,,,,,,,
Waty,NF71,26,6,2015,,,,5,1,4,5,3,3,3,3,3,3,3,2,3,4,,,,4,6,5,4,,,,,,,,,,,,,,,
Bongo,NF71,26,6,2015,,,,5,1,5,4,4,4,4,3,3,3,4,3,4,4,,,,5,5,6,6,,,,,,,,,,,,,,,
Charly,NF71,26,6,2015,,,,5,1,5,3,4,4,4,3,4,4,4,2,2,4,,,,5,6,6,5,,,,,,,,,,,,,,,
Marco,NF71,26,6,2015,,,,5,1,4,2,5,4,4,3,4,4,4,2,2,4,,,,5,6,6,5,,,,,,,,,,,,,,,
Juan,NF71,26,6,2015,,,,5,1,4,4,3,4,4,2,2,2,3,2,4,2,,,,3,5,4,3,,,,,,,,,,,,,,,
Toni,NF71,26,6,2015,,,,5,1,2,4,3,3,2,2,2,2,3,3,1,3,,,,2,2,2,2,,,,,,,,,,,,,,,
Africa,HM86,15,4,2015,,,,3,1,4,3,5,5,4,5,5,4,5,1,5,5,,,,7,7,7,7,,,,,,,,,,,,,,,
Bea,HM86,15,4,2015,,,,3,1,5,4,3,2,4,3,2,2,2,4,2,1,,,,3,3,2,2,,,,,,,,,,,,,,,
Coco,HM86,15,4,2015,,,,3,1,5,4,2,2,2,4,2,2,2,4,2,2,,,,3,3,3,2,,,,,,,,,,,,,,,
Nico,HM86,15,4,2015,,,,3,1,2,2,5,5,5,3,4,3,3,1,5,5,,,,6,7,6,3,,,,,,,,,,,,,,,
Tico,HM86,15,4,2015,,,,3,1,5,3,1,2,2,2,2,2,1,5,3,2,,,,1,3,2,1,,,,,,,,,,,,,,,
Tom,HM86,15,4,2015,,,,3,1,5,5,2,1,3,3,1,1,2,5,1,1,,,,1,1,1,1,,,,,,,,,,,,,,,
Victor,HM86,15,4,2015,,,,3,1,3,2,3,3,3,4,4,3,4,3,5,3,,,,4,6,5,6,,,,,,,,,,,,,,,
Waty,HM86,15,4,2015,,,,3,1,5,3,4,4,4,5,5,5,5,1,5,4,,,,7,7,7,6,,,,,,,,,,,,,,,
Bongo,HM86,15,4,2015,,,,3,1,5,4,5,4,3,5,5,4,5,1,4,4,,,,6,5,5,6,,,,,,,,,,,,,,,
Charly,HM86,15,4,2015,,,,3,1,4,3,5,5,5,4,5,3,5,2,5,5,,,,6,7,6,7,,,,,,,,,,,,,,,
Marco,HM86,15,4,2015,,,,3,1,3,2,5,5,5,4,5,5,5,1,5,5,,,,7,7,7,7,,,,,,,,,,,,,,,
Juan,HM86,15,4,2015,,,,3,1,3,2,1,1,1,1,1,1,2,5,1,1,,,,1,2,1,1,,,,,,,,,,,,,,,
Toni,HM86,15,4,2015,,,,3,1,4,3,4,2,3,2,3,1,2,4,3,3,,,,2,4,2,3,,,,,,,,,,,,,,,
Africa,AK32,20,4,2015,,,,30,1,4,2,4,4,4,4,4,4,4,2,5,4,,,,6,4,6,6,,,,,,,,,,,,,,,
Bea,AK32,20,4,2015,,,,30,1,4,3,3,3,3,4,3,3,4,2,5,4,,,,5,4,5,5,,,,,,,,,,,,,,,
Coco,AK32,20,4,2015,,,,30,1,4,2,4,2,2,3,3,3,3,2,4,3,,,,4,2,5,2,,,,,,,,,,,,,,,
Nico,AK32,20,4,2015,,,,30,1,2,1,4,4,4,4,3,4,4,2,5,5,,,,7,4,7,7,,,,,,,,,,,,,,,
Tico,AK32,20,4,2015,,,,30,1,4,2,4,2,2,1,2,1,2,3,3,3,,,,1,2,3,2,,,,,,,,,,,,,,,
Tom,AK32,20,4,2015,,,,30,1,4,5,2,2,2,5,3,2,3,3,4,2,,,,4,4,4,4,,,,,,,,,,,,,,,
Victor,AK32,20,4,2015,,,,30,1,3,2,4,3,3,3,2,3,3,3,4,3,,,,3,4,3,5,,,,,,,,,,,,,,,
Waty,AK32,20,4,2015,,,,30,1,4,3,3,4,4,4,4,4,4,2,5,4,,,,5,4,7,6,,,,,,,,,,,,,,,
Bongo,AK32,20,4,2015,,,,30,1,5,4,3,4,4,4,4,4,4,2,5,4,,,,5,4,7,5,,,,,,,,,,,,,,,
Charly,AK32,20,4,2015,,,,30,1,5,1,4,4,4,4,4,3,4,2,5,4,,,,5,4,6,5,,,,,,,,,,,,,,,
Marco,AK32,20,4,2015,,,,30,1,5,1,4,4,4,4,4,3,4,2,5,4,,,,5,4,6,5,,,,,,,,,,,,,,,
Juan,AK32,20,4,2015,,,,30,1,4,3,3,4,4,4,4,2,4,3,5,4,,,,5,4,5,6,,,,,,,,,,,,,,,
Toni,AK32,20,4,2015,,,,30,1,2,3,3,4,4,4,3,3,4,3,5,3,,,,5,4,5,6,,,,,,,,,,,,,,,
Africa,FL79,15,4,2015,,,,5,1,5,3,5,5,5,5,5,5,5,2,5,5,,,,7,7,7,7,,,,,,,,,,,,,,,
Bea,FL79,15,4,2015,,,,5,1,4,5,2,3,2,4,3,2,2,4,2,2,,,,2,2,2,2,,,,,,,,,,,,,,,
Coco,FL79,15,4,2015,,,,5,1,5,3,4,3,2,4,3,2,3,4,3,3,,,,3,3,5,2,,,,,,,,,,,,,,,
Nico,FL79,15,4,2015,,,,5,1,2,2,5,5,5,1,5,5,5,2,4,3,,,,2,4,7,2,,,,,,,,,,,,,,,
Tico,FL79,15,4,2015,,,,5,1,5,1,5,5,5,1,4,5,5,2,4,3,,,,2,4,7,2,,,,,,,,,,,,,,,
Tom,FL79,15,4,2015,,,,5,1,5,5,1,1,1,3,2,1,1,5,1,1,,,,1,1,6,1,,,,,,,,,,,,,,,
Victor,FL79,15,4,2015,,,,5,1,3,4,2,2,4,4,4,3,5,3,3,3,,,,4,5,5,3,,,,,,,,,,,,,,,
Waty,FL79,15,4,2015,,,,5,1,5,3,5,5,4,4,3,4,4,2,4,4,,,,5,6,7,4,,,,,,,,,,,,,,,
Bongo,FL79,15,4,2015,,,,5,1,5,4,4,5,3,4,3,3,3,4,4,4,,,,5,4,6,4,,,,,,,,,,,,,,,
Charly,FL79,15,4,2015,,,,5,1,4,3,5,5,4,4,3,4,4,2,4,4,,,,5,5,7,5,,,,,,,,,,,,,,,
Marco,FL79,15,4,2015,,,,5,1,5,3,5,5,4,4,3,4,4,2,4,4,,,,5,5,7,5,,,,,,,,,,,,,,,
Juan,FL79,15,4,2015,,,,5,1,1,3,2,5,4,4,3,4,2,4,4,4,,,,5,5,6,5,,,,,,,,,,,,,,,
Toni,FL79,15,4,2015,,,,5,1,4,3,3,4,2,1,3,2,2,4,3,2,,,,4,3,6,2,,,,,,,,,,,,,,,
Africa,HN48,20,4,2015,,,,6,1,4,3,4,4,5,3,4,5,4,3,4,4,,,,5,6,7,5,,,,,,,,,,,,,,,
Bea,HN48,20,4,2015,,,,6,1,5,2,2,3,3,4,5,3,2,3,3,3,,,,3,3,4,2,,,,,,,,,,,,,,,
Coco,HN48,20,4,2015,,,,6,1,5,2,1,1,1,2,3,1,2,4,1,1,,,,2,2,1,1,,,,,,,,,,,,,,,
Nico,HN48,20,4,2015,,,,6,1,2,4,3,5,5,4,5,5,5,2,5,5,,,,7,7,7,7,,,,,,,,,,,,,,,
Tico,HN48,20,4,2015,,,,6,1,5,4,3,1,1,2,2,1,2,4,1,1,,,,2,1,5,1,,,,,,,,,,,,,,,
Tom,HN48,20,4,2015,,,,6,1,2,1,2,2,2,2,2,3,2,4,1,1,,,,2,2,2,1,,,,,,,,,,,,,,,
Victor,HN48,20,4,2015,,,,6,1,2,2,2,3,3,4,4,3,3,5,3,3,,,,5,5,4,3,,,,,,,,,,,,,,,
Waty,HN48,20,4,2015,,,,6,1,5,5,3,5,5,5,5,5,4,3,5,5,,,,5,6,6,6,,,,,,,,,,,,,,,
Bongo,HN48,20,4,2015,,,,6,1,5,5,4,5,3,4,3,3,5,2,4,4,,,,5,6,6,7,,,,,,,,,,,,,,,
Charly,HN48,20,4,2015,,,,6,1,5,4,3,5,5,5,4,3,4,4,4,4,,,,5,6,7,6,,,,,,,,,,,,,,,
Marco,HN48,20,4,2015,,,,6,1,3,5,5,5,5,5,4,5,5,2,5,5,,,,6,7,7,7,,,,,,,,,,,,,,,
Juan,HN48,20,4,2015,,,,6,1,3,2,2,3,3,3,3,2,3,3,3,3,,,,4,4,3,3,,,,,,,,,,,,,,,
Toni,HN48,20,4,2015,,,,6,1,2,3,1,2,1,3,3,1,3,1,4,4,,,,3,3,4,2,,,,,,,,,,,,,,,
Africa,BU69,16,4,2015,,,,6,1,2,3,2,4,5,4,5,5,4,2,5,5,,,,5,7,7,7,,,,,,,,,,,,,,,
Bea,BU69,16,4,2015,,,,6,1,4,1,1,1,5,4,3,1,3,4,2,2,,,,2,2,2,2,,,,,,,,,,,,,,,
Coco,BU69,16,4,2015,,,,6,1,4,2,1,1,2,4,4,1,3,4,2,2,,,,2,2,2,2,,,,,,,,,,,,,,,
Nico,BU69,16,4,2015,,,,6,1,1,4,5,4,5,4,2,2,3,2,5,5,,,,5,7,6,5,,,,,,,,,,,,,,,
Tico,BU69,16,4,2015,,,,6,1,4,4,4,1,1,2,1,1,2,4,3,3,,,,2,2,1,1,,,,,,,,,,,,,,,
Tom,BU69,16,4,2015,,,,6,1,4,1,1,1,2,3,1,1,2,5,1,1,,,,1,1,1,1,,,,,,,,,,,,,,,
Victor,BU69,16,4,2015,,,,6,1,2,2,3,4,4,3,4,5,4,2,4,4,,,,5,5,4,3,,,,,,,,,,,,,,,
Waty,BU69,16,4,2015,,,,6,1,5,4,4,4,4,3,3,3,4,2,4,4,,,,5,5,4,5,,,,,,,,,,,,,,,
Bongo,BU69,16,4,2015,,,,6,1,5,3,5,4,5,4,5,5,5,1,5,5,,,,5,6,7,7,,,,,,,,,,,,,,,
Charly,BU69,16,4,2015,,,,6,1,3,2,3,4,4,4,3,3,4,2,4,4,,,,4,6,5,4,,,,,,,,,,,,,,,
Marco,BU69,16,4,2015,,,,6,1,2,3,5,4,4,4,4,5,4,2,5,5,,,,5,6,6,7,,,,,,,,,,,,,,,
Juan,BU69,16,4,2015,,,,6,1,3,3,2,3,2,3,3,2,4,3,3,3,,,,3,3,3,2,,,,,,,,,,,,,,,
Toni,BU69,16,4,2015,,,,6,1,4,3,4,3,3,3,3,2,4,3,3,3,,,,3,3,4,2,,,,,,,,,,,,,,,
Africa,FF12,19,4,2015,,,,6,1,2,3,5,4,5,4,4,4,4,2,4,4,,,,7,6,7,6,,,,,,,,,,,,,,,
Bea,FF12,19,4,2015,,,,6,1,4,2,2,4,3,3,3,2,4,3,4,4,,,,7,6,7,5,,,,,,,,,,,,,,,
Coco,FF12,19,4,2015,,,,6,1,5,3,3,4,3,5,5,3,5,1,5,4,,,,7,6,7,7,,,,,,,,,,,,,,,
Nico,FF12,19,4,2015,,,,6,1,1,3,4,5,5,4,3,5,3,5,5,4,,,,6,6,7,5,,,,,,,,,,,,,,,
Tico,FF12,19,4,2015,,,,6,1,3,1,2,1,2,1,2,1,3,4,2,3,,,,2,2,7,1,,,,,,,,,,,,,,,
Tom,FF12,19,4,2015,,,,6,1,3,1,1,2,2,3,2,1,3,4,2,3,,,,2,2,5,1,,,,,,,,,,,,,,,
Victor,FF12,19,4,2015,,,,6,1,2,2,3,4,4,2,3,4,3,4,3,4,,,,6,6,6,3,,,,,,,,,,,,,,,
Waty,FF12,19,4,2015,,,,6,1,4,4,5,4,4,3,4,5,4,3,5,5,,,,6,6,7,6,,,,,,,,,,,,,,,
Bongo,FF12,19,4,2015,,,,6,1,5,4,4,3,4,4,4,3,5,2,5,5,,,,7,6,7,6,,,,,,,,,,,,,,,
Charly,FF12,19,4,2015,,,,6,1,3,3,4,4,4,2,4,3,3,3,5,5,,,,7,6,7,5,,,,,,,,,,,,,,,
Marco,FF12,19,4,2015,,,,6,1,2,4,5,5,5,4,5,5,5,3,5,5,,,,7,6,7,7,,,,,,,,,,,,,,,
Juan,FF12,19,4,2015,,,,6,1,3,4,3,3,4,5,5,4,3,2,5,5,,,,7,6,6,7,,,,,,,,,,,,,,,
Toni,FF12,19,4,2015,,,,6,1,2,2,2,3,4,3,3,2,3,2,4,4,,,,6,5,5,4,,,,,,,,,,,,,,,
Africa,TB68,13,4,2015,,,,6,1,4,2,4,3,3,4,4,3,4,2,4,4,,,,6,6,6,6,,,,,,,,,,,,,,,
Bea,TB68,13,4,2015,,,,6,1,4,3,4,4,4,4,4,3,4,2,4,4,,,,6,6,6,4,,,,,,,,,,,,,,,
Coco,TB68,13,4,2015,,,,6,1,4,2,4,3,3,4,4,3,4,2,4,4,,,,6,4,6,6,,,,,,,,,,,,,,,
Nico,TB68,13,4,2015,,,,6,1,2,3,4,3,4,3,3,4,3,3,3,3,,,,5,3,5,2,,,,,,,,,,,,,,,
Tico,TB68,13,4,2015,,,,6,1,2,3,2,1,2,1,3,2,2,4,2,3,,,,3,1,4,5,,,,,,,,,,,,,,,
Tom,TB68,13,4,2015,,,,6,1,2,5,1,2,2,2,2,2,2,4,2,2,,,,2,2,2,2,,,,,,,,,,,,,,,
Victor,TB68,13,4,2015,,,,6,1,2,4,2,3,3,2,4,4,3,4,3,2,,,,3,3,3,2,,,,,,,,,,,,,,,
Waty,TB68,13,4,2015,,,,6,1,3,2,4,4,3,3,4,4,4,2,4,4,,,,6,4,6,6,,,,,,,,,,,,,,,
Bongo,TB68,13,4,2015,,,,6,1,4,4,3,3,3,4,3,2,4,2,3,4,,,,4,4,3,5,,,,,,,,,,,,,,,
Charly,TB68,13,4,2015,,,,6,1,3,4,2,4,4,4,4,4,4,3,4,4,,,,5,6,6,3,,,,,,,,,,,,,,,
Marco,TB68,13,4,2015,,,,6,1,4,2,4,4,4,4,4,4,4,2,4,4,,,,5,6,6,5,,,,,,,,,,,,,,,
Juan,TB68,13,4,2015,,,,6,1,3,2,4,4,3,4,3,3,4,2,4,4,,,,5,4,4,6,,,,,,,,,,,,,,,
Toni,TB68,13,4,2015,,,,6,1,3,3,3,4,3,4,4,2,4,2,4,4,,,,6,6,3,2,,,,,,,,,,,,,,,
Africa,XG34,27,4,2015,,,,5,1,3,4,4,3,4,3,3,4,4,2,4,5,,,,6,6,5,5,,,,,,,,,,,,,,,
Bea,XG34,27,4,2015,,,,5,1,4,2,3,3,3,3,3,3,4,3,4,4,,,,5,5,4,5,,,,,,,,,,,,,,,
Coco,XG34,27,4,2015,,,,5,1,4,5,4,3,3,3,3,3,3,2,5,4,,,,5,5,4,6,,,,,,,,,,,,,,,
Nico,XG34,27,4,2015,,,,5,1,3,5,4,4,4,4,4,4,4,1,5,5,,,,6,7,5,6,,,,,,,,,,,,,,,
Tico,XG34,27,4,2015,,,,5,1,4,2,2,2,2,2,2,2,2,4,3,3,,,,3,3,2,2,,,,,,,,,,,,,,,
Tom,XG34,27,4,2015,,,,5,1,4,2,2,2,3,3,3,2,3,2,4,2,,,,4,5,3,4,,,,,,,,,,,,,,,
Victor,XG34,27,4,2015,,,,5,1,4,3,3,3,3,3,4,3,3,4,5,4,,,,5,6,4,4,,,,,,,,,,,,,,,
Waty,XG34,27,4,2015,,,,5,1,5,5,4,4,4,3,3,4,4,1,5,5,,,,6,7,5,6,,,,,,,,,,,,,,,
Bongo,XG34,27,4,2015,,,,5,1,5,3,3,3,4,4,4,4,4,2,4,5,,,,6,6,4,5,,,,,,,,,,,,,,,
Charly,XG34,27,4,2015,,,,5,1,4,5,4,5,5,4,3,5,4,2,5,5,,,,6,7,5,6,,,,,,,,,,,,,,,
Marco,XG34,27,4,2015,,,,5,1,4,5,4,4,4,4,3,4,5,1,5,5,,,,6,7,5,6,,,,,,,,,,,,,,,
Juan,XG34,27,4,2015,,,,5,1,5,4,3,4,4,3,3,3,4,2,4,5,,,,5,6,4,5,,,,,,,,,,,,,,,
Toni,XG34,27,4,2015,,,,5,1,4,3,3,2,3,4,3,3,3,2,4,4,,,,5,5,3,3,,,,,,,,,,,,,,,
Africa,OA11,15,4,2015,,,,11,1,3,3,4,3,3,4,0,3,4,3,3,3,,,,4,4,4,4,,,,,,,,,,,,,,,
Bea,OA11,15,4,2015,,,,11,1,4,2,2,3,2,3,0,2,4,4,3,3,,,,3,3,3,3,,,,,,,,,,,,,,,
Coco,OA11,15,4,2015,,,,11,1,4,4,4,3,3,4,0,3,4,2,3,3,,,,4,3,4,4,,,,,,,,,,,,,,,
Nico,OA11,15,4,2015,,,,11,1,2,3,3,3,2,3,0,2,4,4,3,3,,,,3,4,3,4,,,,,,,,,,,,,,,
Tico,OA11,15,4,2015,,,,11,1,4,3,3,1,1,1,0,1,1,5,2,2,,,,1,1,1,2,,,,,,,,,,,,,,,
Tom,OA11,15,4,2015,,,,11,1,4,1,2,1,1,4,0,2,2,4,1,2,,,,2,2,1,1,,,,,,,,,,,,,,,
Victor,OA11,15,4,2015,,,,11,1,2,2,3,3,2,3,0,2,3,4,3,3,,,,3,4,2,3,,,,,,,,,,,,,,,
Waty,OA11,15,4,2015,,,,11,1,4,3,4,3,3,3,0,3,4,2,3,3,,,,4,3,4,4,,,,,,,,,,,,,,,
Bongo,OA11,15,4,2015,,,,11,1,4,3,4,3,2,3,0,2,4,2,3,3,,,,4,3,3,4,,,,,,,,,,,,,,,
Charly,OA11,15,4,2015,,,,11,1,4,2,2,3,3,4,0,2,4,4,3,3,,,,3,4,4,4,,,,,,,,,,,,,,,
Marco,OA11,15,4,2015,,,,11,1,4,3,4,3,3,3,0,3,4,2,3,3,,,,4,4,4,4,,,,,,,,,,,,,,,
Juan,OA11,15,4,2015,,,,11,1,3,3,3,3,3,4,0,3,4,3,3,3,,,,3,4,3,4,,,,,,,,,,,,,,,
Toni,OA11,15,4,2015,,,,11,1,3,3,3,3,2,2,0,2,3,4,2,3,,,,2,3,2,2,,,,,,,,,,,,,,,
Africa,GO34,19,4,2015,,,,18,1,4,3,5,5,5,3,4,5,4,3,5,4,,,,7,7,7,7,,,,,,,,,,,,,,,
Bea,GO34,19,4,2015,,,,18,1,5,3,4,4,4,3,4,4,4,2,3,4,,,,6,6,6,7,,,,,,,,,,,,,,,
Coco,GO34,19,4,2015,,,,18,1,5,3,4,4,4,3,4,4,4,3,3,4,,,,5,5,6,5,,,,,,,,,,,,,,,
Nico,GO34,19,4,2015,,,,18,1,2,3,4,5,5,3,4,5,4,2,5,4,,,,7,7,5,7,,,,,,,,,,,,,,,
Tico,GO34,19,4,2015,,,,18,1,5,2,2,2,2,3,4,2,4,2,3,2,,,,4,4,6,2,,,,,,,,,,,,,,,
Tom,GO34,19,4,2015,,,,18,1,5,5,1,4,4,3,4,4,4,3,3,2,,,,5,5,4,2,,,,,,,,,,,,,,,
Victor,GO34,19,4,2015,,,,18,1,4,5,3,4,4,3,4,3,4,4,3,2,,,,5,6,6,2,,,,,,,,,,,,,,,
Waty,GO34,19,4,2015,,,,18,1,5,3,4,5,5,2,4,5,4,3,5,4,,,,7,7,7,7,,,,,,,,,,,,,,,
Bongo,GO34,19,4,2015,,,,18,1,5,3,4,4,4,3,4,2,4,2,4,4,,,,6,5,7,7,,,,,,,,,,,,,,,
Charly,GO34,19,4,2015,,,,18,1,5,3,5,5,5,3,4,5,4,3,5,4,,,,7,7,5,7,,,,,,,,,,,,,,,
Marco,GO34,19,4,2015,,,,18,1,4,3,5,5,5,3,4,5,4,1,5,4,,,,7,7,6,7,,,,,,,,,,,,,,,
Juan,GO34,19,4,2015,,,,18,1,5,5,4,4,4,2,4,3,4,3,3,3,,,,6,5,7,5,,,,,,,,,,,,,,,
Toni,GO34,19,4,2015,,,,18,1,4,3,4,2,2,3,4,2,4,1,3,5,,,,7,5,7,7,,,,,,,,,,,,,,,
Africa,HQ87,4,5,2015,,,,6,1,3,3,4,3,3,3,3,3,4,3,4,4,,,,4,4,3,4,,,,,,,,,,,,,,,
Bea,HQ87,4,5,2015,,,,6,1,4,3,4,3,3,3,3,3,4,3,4,4,,,,4,3,3,3,,,,,,,,,,,,,,,
Coco,HQ87,4,5,2015,,,,6,1,4,3,4,3,3,3,3,3,4,3,4,4,,,,4,4,3,4,,,,,,,,,,,,,,,
Nico,HQ87,4,5,2015,,,,6,1,2,3,4,3,3,3,3,2,3,3,4,4,,,,4,3,3,3,,,,,,,,,,,,,,,
Tico,HQ87,4,5,2015,,,,6,1,3,3,3,2,3,2,2,2,3,3,4,4,,,,3,3,3,3,,,,,,,,,,,,,,,
Tom,HQ87,4,5,2015,,,,6,1,4,2,2,2,2,2,2,2,2,4,2,3,,,,2,2,2,2,,,,,,,,,,,,,,,
Victor,HQ87,4,5,2015,,,,6,1,2,3,3,2,3,2,2,2,3,3,3,4,,,,3,3,3,3,,,,,,,,,,,,,,,
Waty,HQ87,4,5,2015,,,,6,1,4,3,4,3,3,3,3,3,4,3,3,4,,,,4,4,3,4,,,,,,,,,,,,,,,
Bongo,HQ87,4,5,2015,,,,6,1,4,3,4,3,3,3,3,3,4,3,3,4,,,,4,4,4,4,,,,,,,,,,,,,,,
Charly,HQ87,4,5,2015,,,,6,1,2,3,3,3,3,3,3,3,4,3,3,4,,,,4,4,3,3,,,,,,,,,,,,,,,
Marco,HQ87,4,5,2015,,,,6,1,4,3,4,3,3,3,3,3,4,3,3,4,,,,4,4,3,4,,,,,,,,,,,,,,,
Juan,HQ87,4,5,2015,,,,6,1,2,3,4,3,3,2,3,2,3,3,3,4,,,,4,3,3,3,,,,,,,,,,,,,,,
Toni,HQ87,4,5,2015,,,,6,1,2,3,4,3,3,3,3,2,3,3,3,4,,,,4,3,2,3,,,,,,,,,,,,,,,
Africa,HW16,21,4,2015,,,,4,1,3,3,4,4,5,4,4,4,4,1,4,4,,,,6,7,5,6,,,,,,,,,,,,,,,
Bea,HW16,21,4,2015,,,,4,1,4,5,2,2,2,3,3,2,3,4,3,3,,,,4,4,3,3,,,,,,,,,,,,,,,
Coco,HW16,21,4,2015,,,,4,1,5,3,4,3,3,4,4,3,3,3,3,4,,,,4,4,5,4,,,,,,,,,,,,,,,
Nico,HW16,21,4,2015,,,,4,1,2,3,4,5,4,4,4,4,4,2,4,4,,,,6,7,5,6,,,,,,,,,,,,,,,
Tico,HW16,21,4,2015,,,,4,1,4,2,3,1,1,1,2,1,2,4,2,2,,,,1,1,2,1,,,,,,,,,,,,,,,
Tom,HW16,21,4,2015,,,,4,1,4,5,2,1,1,1,2,1,1,4,1,2,,,,2,3,2,2,,,,,,,,,,,,,,,
Victor,HW16,21,4,2015,,,,4,1,3,2,4,3,4,4,3,3,3,3,3,3,,,,4,4,3,3,,,,,,,,,,,,,,,
Waty,HW16,21,4,2015,,,,4,1,5,2,5,5,5,4,4,4,4,1,4,4,,,,4,5,5,5,,,,,,,,,,,,,,,
Bongo,HW16,21,4,2015,,,,4,1,5,2,4,5,5,4,4,4,4,1,4,4,,,,6,6,5,7,,,,,,,,,,,,,,,
Charly,HW16,21,4,2015,,,,4,1,4,3,3,4,4,4,3,4,4,3,4,4,,,,5,6,4,5,,,,,,,,,,,,,,,
Marco,HW16,21,4,2015,,,,4,1,2,3,4,4,4,4,3,4,4,2,4,4,,,,5,6,4,5,,,,,,,,,,,,,,,
Juan,HW16,21,4,2015,,,,4,1,2,4,2,4,3,3,3,4,3,4,3,3,,,,4,5,3,4,,,,,,,,,,,,,,,
Toni,HW16,21,4,2015,,,,4,1,3,5,2,3,2,3,3,3,2,4,3,3,,,,4,3,3,3,,,,,,,,,,,,,,,
Pearl,ZN85,,,,,,,,2,4,4,3,3,3,2,3,1,4,3,3,4,,,,3,4,6,5,,,,,,,,,,,,,,,
Sofie,ZN85,,,,,,,,2,3,4,3,1,2,2,3,2,2,4,1,1,,,,2,2,2,2,,,,,,,,,,,,,,,
Cindy,ZN85,,,,,,,,2,4,4,3,2,2,3,3,1,3,4,2,2,,,,2,3,3,3,,,,,,,,,,,,,,,
Lucy,ZN85,,,,,,,,2,2,2,4,3,3,,3,4,3,2,4,4,,,,4,4,5,4,,,,,,,,,,,,,,,
Heleen,ZN85,,,,,,,,2,4,3,3,4,4,,3,4,4,3,4,3,,,,5,4,5,5,,,,,,,,,,,,,,,
Liberius,ZN85,,,,,,,,2,5,2,4,4,4,,3,4,4,2,5,4,,,,5,5,7,6,,,,,,,,,,,,,,,
Rene,ZN85,,,,,,,,2,3,3,3,5,5,,3,5,5,3,5,5,,,,7,6,6,7,,,,,,,,,,,,,,,
Qafzeh,ZN85,,,,,,,,2,5,2,5,4,4,,3,4,3,3,4,4,,,,5,6,7,6,,,,,,,,,,,,,,,
Lianne,ZN85,,,,,,,,2,3,4,3,4,4,,3,3,3,4,4,3,,,,4,4,5,4,,,,,,,,,,,,,,,
Eva,ZN85,,,,,,,,2,4,2,5,5,5,,3,5,4,1,5,4,,,,5,5,7,6,,,,,,,,,,,,,,,
Emma,ZN85,,,,,,,,2,5,2,5,4,4,,3,4,4,2,4,4,,,,5,4,6,6,,,,,,,,,,,,,,,
Paul,ZN85,,,,,,,,2,3,4,3,3,3,,3,3,3,4,2,2,,,,3,3,3,3,,,,,,,,,,,,,,,
Kinda,ZN85,,,,,,,,2,5,2,5,4,5,,3,5,4,2,4,4,,,,5,5,7,6,,,,,,,,,,,,,,,
Edith,ZN85,,,,,,,,2,4,2,5,5,5,,3,5,5,1,5,5,,,,6,6,6,7,,,,,,,,,,,,,,,
Frek,ZN85,,,,,,,,2,4,3,4,5,5,,3,4,5,3,5,5,,,,4,4,4,4,,,,,,,,,,,,,,,
Kilimi,ZN85,,,,,,,,2,4,3,4,3,3,,3,3,3,2,3,3,,,,4,4,5,4,,,,,,,,,,,,,,,
David,ZN85,,,,,,,,2,4,2,4,4,4,,3,4,3,2,4,4,,,,5,6,6,6,,,,,,,,,,,,,,,
Louis,ZN85,,,,,,,,2,4,2,5,5,5,,3,5,4,2,4,4,,,,6,6,7,7,,,,,,,,,,,,,,,
Pearl,MW95,,,,,,,,2,3,4,3,4,4,3,3,1,3,3,4,,,,,3,2,4,4,,,,,,,,,,,,,,,
Sofie,MW95,,,,,,,,2,4,4,2,4,4,3,3,1,2,4,3,,,,,3,2,4,3,,,,,,,,,,,,,,,
Cindy,MW95,,,,,,,,2,4,4,3,2,2,3,3,2,2,4,2,,,,,3,2,3,3,,,,,,,,,,,,,,,
Lucy,MW95,,,,,,,,2,2,2,4,4,3,4,3,3,3,3,4,,,,,5,5,5,3,,,,,,,,,,,,,,,
Heleen,MW95,,,,,,,,2,4,3,4,3,3,2,3,3,3,3,3,,,,,4,4,4,5,,,,,,,,,,,,,,,
Liberius,MW95,,,,,,,,2,5,1,5,2,2,2,2,1,4,2,2,,,,,2,2,3,2,,,,,,,,,,,,,,,
Rene,MW95,,,,,,,,2,5,3,3,4,4,3,3,3,3,3,3,,,,,5,5,5,6,,,,,,,,,,,,,,,
Qafzeh,MW95,,,,,,,,2,5,4,4,4,4,5,2,4,4,2,4,,,,,4,4,6,5,,,,,,,,,,,,,,,
Lianne,MW95,,,,,,,,2,3,3,2,2,2,2,3,2,2,4,2,,,,,2,2,3,1,,,,,,,,,,,,,,,
Eva,MW95,,,,,,,,2,4,2,4,5,5,4,2,5,4,2,4,,,,,6,5,5,6,,,,,,,,,,,,,,,
Emma,MW95,,,,,,,,2,2,3,3,5,5,4,3,4,4,3,4,,,,,5,5,5,5,,,,,,,,,,,,,,,
Paul,MW95,,,,,,,,2,4,4,1,2,2,2,3,1,1,4,2,,,,,2,2,2,1,,,,,,,,,,,,,,,
Kinda,MW95,,,,,,,,2,4,3,5,4,3,4,3,3,4,2,3,,,,,4,4,5,5,,,,,,,,,,,,,,,
Edith,MW95,,,,,,,,2,4,2,5,5,5,4,3,4,4,2,4,,,,,4,4,4,5,,,,,,,,,,,,,,,
Frek,MW95,,,,,,,,2,5,2,3,3,3,2,3,2,3,3,3,,,,,4,3,5,4,,,,,,,,,,,,,,,
Kilimi,MW95,,,,,,,,2,3,2,4,3,3,3,3,3,3,2,3,,,,,3,4,5,3,,,,,,,,,,,,,,,
David,MW95,,,,,,,,2,2,3,4,2,3,4,3,2,2,3,3,,,,,5,4,5,4,,,,,,,,,,,,,,,
Louis,MW95,,,,,,,,2,3,3,4,3,4,4,3,3,3,2,3,,,,,5,5,5,5,,,,,,,,,,,,,,,
Pearl,GE51,,,,,,,,2,3,3,4,4,4,4,3,3,2,3,4,3,,,,3,4,5,3,,,,,,,,,,,,,,,
Sofie,GE51,,,,,,,,2,2,5,2,2,2,3,3,1,2,4,2,1,,,,1,2,2,1,,,,,,,,,,,,,,,
Cindy,GE51,,,,,,,,2,3,4,3,2,1,4,2,2,3,4,3,2,,,,3,4,3,4,,,,,,,,,,,,,,,
Lucy,GE51,,,,,,,,2,4,2,5,4,4,2,4,4,5,1,5,4,,,,6,7,6,6,,,,,,,,,,,,,,,
Heleen,GE51,,,,,,,,2,4,3,3,3,4,3,3,4,3,4,3,3,,,,4,5,5,5,,,,,,,,,,,,,,,
Liberius,GE51,,,,,,,,2,5,2,4,2,3,2,3,3,3,3,4,3,,,,5,5,6,6,,,,,,,,,,,,,,,
Rene,GE51,,,,,,,,2,5,3,3,4,3,3,3,4,4,4,4,3,,,,4,5,5,5,,,,,,,,,,,,,,,
Qafzeh,GE51,,,,,,,,2,5,2,4,4,4,3,4,4,4,2,4,4,,,,6,6,7,6,,,,,,,,,,,,,,,
Lianne,GE51,,,,,,,,2,2,4,2,2,2,3,3,2,2,4,2,2,,,,2,3,3,2,,,,,,,,,,,,,,,
Eva,GE51,,,,,,,,2,5,3,4,5,5,3,4,5,5,2,5,4,,,,6,7,7,7,,,,,,,,,,,,,,,
Emma,GE51,,,,,,,,2,4,2,4,4,3,3,4,3,4,2,4,2,,,,5,6,5,5,,,,,,,,,,,,,,,
Paul,GE51,,,,,,,,2,4,4,3,3,2,2,2,2,3,4,4,3,,,,4,3,5,3,,,,,,,,,,,,,,,
Kinda,GE51,,,,,,,,2,5,3,3,3,4,4,3,3,3,3,4,3,,,,5,4,5,5,,,,,,,,,,,,,,,
Edith,GE51,,,,,,,,2,4,3,3,4,4,2,4,4,4,3,4,4,,,,5,5,5,5,,,,,,,,,,,,,,,
Frek,GE51,,,,,,,,2,3,3,4,4,4,3,3,3,3,4,3,4,,,,5,4,5,5,,,,,,,,,,,,,,,
Kilimi,GE51,,,,,,,,2,4,3,3,2,3,3,3,2,3,4,4,4,,,,5,4,5,5,,,,,,,,,,,,,,,
David,GE51,,,,,,,,2,3,2,3,4,4,4,3,4,4,4,3,4,,,,6,5,5,5,,,,,,,,,,,,,,,
Louis,GE51,,,,,,,,2,3,2,4,4,4,4,3,4,5,3,4,4,,,,5,6,6,6,,,,,,,,,,,,,,,
