ID.format,ID.completed,Q1,Q2,Q3,Q4,Q5,Q6,Q7,Q8,Q9,Q10a,Q10b,Q10c,Q10d,Q10e,Q10f,Q10g,Q10h,Q10i,Q11,Q12,Q13,Q14,Q15,Q16,Q17,Q18,Q19a,Q19b,Q19c,Q19d,Q19e,Q19f,Q19g,Q19h,Q19i,Q19j,Q19k,Q19l,Q19m,Q19n,Q19o,Q19p,Q19q,Q19r,Q19s,Q19t,Q20,Q21,Q22a,Q22b,Q22c,Q22d,Q22e,Q22f,Q22g,Q22h,Q22i,Q22j,Q22k,Q22l,Q22m,Q22n,Q22o,Q22p,Q22q,Q22r,Q22s,Q22t,Q23a,Q23b,Q23c,Q23d,Q24,Q25a,Q25b,Q25c,Q25d,Q25e,Q25f,Q25g,Q25h,Q25i,Q25j,Q26,Q27,Q28,Q29a,Q29b,Q29c,Q29d,Q29e,Q30,Q30a,Q31a,Q31b,Q32,Q33,Q34,Q35,Q36,Q37,Q37a,Q38,Q38a,Q39,Q39a,Q40,V1,V2
2,,1,3,4,4,1,2,3,8,3,5,5,5,5,5,5,5,5,5,3,3,2,3,5,5,2,2,2,2,2,1,1,1,2,1,1,1,1,3,2,1,1,1,1,1,3,2,2,4,1,2,1,1,1,1,2,1,1,1,1,1,1,1,1,1,1,1,2,1,2,3,3,2,,,,,,,,,,,,,1,,2,2,2,3,2,4,3,4,4,3,1,1,5/30/2004,G759FJ,1,,1,,8,,2,,
2,,1,3,3,4,1,2,3,10,1,5,5,5,4,3,5,3,5,5,2,5,2,2,4,5,12,1,1,1,3,1,1,1,1,1,1,1,1,1,2,1,1,1,1,1,1,2,2,3,2,2,2,2,1,1,1,1,1,1,1,1,1,1,1,1,1,1,2,2,2,4,3,3,"No, not really",,,10,,,,,,,,Nothing else,1,1,1,3,2,2,2,4,4,1,1,3,4,1,7/7/2004,G50 LE,1,,2,Chinese: mandarin,5,,2,,
2,,1,2,4,2,1,4,3,9,2,4,5,5,2,5,4,1,5,5,2,3,4,1,3,6,3,2,1,2,2,2,1,1,1,1,1,1,2,1,2,1,1,1,1,1,2,1,2,2,3,3,3,3,1,1,3,3,1,1,1,1,1,3,1,1,1,3,3,3,1,2,1,4,My parents are divorcing. It's taking a long time and I just want it to go away!,,,,,,,,,,,I am only 10. I don't need help with caring.,1,2,3,2,2,2,3,,4,3,,2,1,2,5/4/2006,G11 7EE,1,,1,,8,,2,,
2,,1,1,1,2,2,1,3,7,3,5,3,5,4,3,3,1,5,5,3,2,2,4,8,4,6,2,3,3,3,3,3,1,2,1,1,1,1,3,3,2,3,3,2,1,1,1,2,1,3,3,3,2,2,3,3,3,1,2,2,2,3,2,3,1,1,3,3,3,4,4,4,2,"Right now I feel OK as I have been accepted for college. However, I often worry about leaving my mum as she takes TIA's/strokes",1,,11,11,11,,,,,,"A new house, I live in a flat. Someone to sit with my mum (befriender)",2,,,,,,,4,3,1,1,1,1,2,12/3/1998,MLI 1NO,2,,1,,8,,2,,
2,,1,2,1,2,2,1,3,11,2,3,1,4,3,4,3,5,4,4,2,3,1,3,9,5,11,2,1,2,2,2,3,1,1,2,2,2,1,3,3,2,3,3,3,1,1,1,2,1,2,2,3,2,2,3,3,3,2,1,2,3,2,2,2,1,1,2,2,2,5,2,3,4,I feel I have changed more because I have moved to a new school and I feel more happier.,,,10,,,,,,,,,1,,,,,,,4,4,1,1,3,2,2,8/28/2002,ML5 1ET,1,,1,,8,,2,,
2,,1,2,,4,2,1,3,8,3,1,2,2,2,3,3,4,2,4,5,3,2,5,8,3,5,2,3,3,2,3,2,2,1,2,3,3,1,3,2,3,3,3,1,1,1,1,3,2,3,3,3,2,2,3,3,3,1,2,1,2,1,1,3,1,2,2,3,2,3,4,3,5,I get stressed very often and can struggle to get through everything (caring and school),10,1,11,10,11,10,,11,,,More help from other family members,1,2,1,1,1,1,1,4,3,1,1,2,3,2,,G69 9LL,1,,1,,8,,2,1,1
2,,1,1,4,2,2,2,4,8,2,3,5,2,3,5,1,1,3,5,3,3,2,4,6,5,6,3,2,3,3,2,2,1,1,3,3,3,2,3,3,2,2,3,3,1,1,1,3,2,3,3,2,2,2,3,3,2,1,2,1,2,1,1,2,1,2,2,2,2,3,4,3,3,,,,10,,,,,,,,,1,2,2,2,3,3,4,,3,1,1,1,1,2,12/12/2000,G65 9UP,1,,1,,8,,2,,
2,,1,1,3,2,2,1,3,7,2,3,3,3,4,2,2,1,4,5,3,3,2,11,13,7,8,2,3,3,3,3,1,1,1,1,1,1,1,2,1,1,3,1,1,3,2,1,2,2,3,3,2,2,2,3,3,2,1,2,2,2,1,1,2,1,2,2,3,3,4,4,2,3,,10,1,10,10,10,1,1,10,,,,1,3,3,3,2,3,4,2,1,1,3,2,1,1,6/30/2000,ML1 1XH,1,,1,,8,,2,,
2,,1,1,1,2,2,1,3,7,3,2,3,5,1,1,2,2,3,5,2,2,3,10,15,4,10,1,2,2,2,2,1,1,1,1,1,1,2,2,2,1,1,1,1,1,1,1,2,1,3,3,2,3,2,2,3,3,2,2,2,1,1,2,3,2,3,3,3,3,3,2,3,3,,10,1,1,1,10,10,1,10,,,,1,3,3,3,2,3,3,4,4,3,2,2,1,2,10/10/2002,ML1 3PW,1,,1,,8,,2,,
2,,1,1,4,2,2,1,3,6,2,2,3,1,1,1,1,2,1,3,4,1,3,6,11,,8,2,2,2,2,3,1,1,,1,2,1,1,2,3,1,1,1,1,1,1,1,2,1,3,3,2,1,3,3,2,3,3,3,3,3,2,2,2,2,2,2,2,2,3,3,3,3,,10,10,10,10,10,10,10,10,1,,,1,4,3,4,3,3,5,3,4,2,1,1,1,2,4/15/2000,ML1 3UA,1,,1,,8,,2,,
2,,1,1,4,2,2,1,4,10,2,1,1,1,1,1,1,2,1,5,3,1,2,7,7,4,6,1,2,2,3,3,2,1,1,1,1,1,1,3,3,1,1,1,1,1,1,1,2,1,2,2,1,1,1,2,3,2,2,2,2,3,2,2,3,2,2,3,2,3,4,4,3,5,,10,,10,,10,,,,,,Don't really talk to anyone about anything.,1,2,2,3,2,3,4,4,4,3,,2,1,2,5/17/1999,,1,,1,,8,,2,,1
2,,2,2,3,2,2,1,3,7,1,5,5,5,4,5,2,1,5,5,3,2,2,6,5,4,7,2,2,3,2,2,1,1,2,3,1,1,2,3,3,2,1,1,1,1,3,3,2,4,3,3,3,3,1,3,3,3,1,1,1,2,1,1,3,1,3,2,3,3,2,2,3,2,,,,10,,,,,,,,,1,2,1,3,2,2,2,4,4,1,1,2,2,1,12/20/2016,ML1 3LG,1,,1,,8,,2,,
2,,1,3,4,4,1,4,1,5,1,1,4,4,1,3,1,5,1,5,3,3,3,8,9,7,11,4,3,3,3,3,1,1,3,1,1,1,3,3,3,1,1,3,2,1,1,1,3,2,3,3,3,3,3,3,3,3,1,2,2,3,3,1,3,2,2,1,3,3,3,2,3,5,,1,10,10,10,,10,,10,,,Mum,1,4,2,2,2,2,2,1,1,1,1,3,4,2,7/29/2002,G69 6UP,1,,,,7,,2,,
2,,1,1,2,2,2,3,3,9,3,4,3,5,2,2,2,3,5,5,4,2,2,6,7,6,4,1,2,2,3,2,1,1,1,1,1,1,,2,2,1,,2,1,2,2,2,2,2,3,3,3,3,1,2,3,3,1,2,2,3,2,2,3,1,2,3,3,3,2,3,3,3,,1,,10,,1,,,1,,,Talking to friends or other family members.,1,1,3,5,3,3,4,4,3,1,1,2,1,2,3/26/2003,G53 5EW,1,,1,,8,,2,,
2,,1,1,1,2,2,1,4,8,1,5,5,5,5,5,4,1,5,5,2,4,2,6,15,6,16,1,3,1,2,2,1,1,1,1,1,1,1,2,1,1,1,1,1,1,1,1,2,2,2,2,2,2,1,1,2,2,1,1,1,,1,1,2,1,1,2,2,2,1,4,4,1,,,,11,,,,,,,,Nothing,1,2,2,2,2,2,2,4,4,3,1,2,1,1,6/19/2002,G52 2NE,1,,1,,8,,2,,
2,,2,1,4,2,2,1,5,5,3,4,4,2,2,5,5,1,5,5,4,3,3,3,6,4,10,1,2,2,2,2,1,1,1,2,1,2,1,2,3,2,1,1,1,1,3,2,2,3,2,3,1,2,2,2,3,2,1,1,1,2,1,1,2,1,1,2,2,2,3,3,3,3,,,,10,,,,,10,,,,1,4,2,3,2,2,3,4,4,1,1,2,1,2,4/1/2001,G46 8PZ,1,,1,,8,,2,,
2,,1,2,4,2,2,2,2,10,1,5,5,5,5,5,5,5,5,5,2,5,1,4,5,5,6,1,1,2,2,1,1,1,1,1,1,1,1,1,1,1,1,1,1,1,1,1,1,1,1,1,1,1,1,1,1,1,1,1,1,1,1,1,1,1,1,1,1,1,3,5,5,1,,,,,,,,,10,,,,1,1,1,1,1,1,1,4,4,4,3,2,2,2,9/6/2000,G53 5TH,1,,1,,8,,2,,
2,,1,3,4,2,2,2,3,11,1,4,3,4,4,3,5,5,5,5,2,3,1,1,4,5,5,2,1,3,3,2,1,1,1,2,1,1,1,3,3,1,1,1,1,1,3,1,2,3,3,3,3,3,3,2,3,3,1,1,1,1,1,1,3,1,2,3,3,3,1,5,3,1,I would never change for my sister,1,10,10,1,1,10,1,10,1,,I count to ten when I feel stressed,1,1,1,1,1,1,1,4,4,4,,1,1,2,8/22/2005,DD10 8PW,1,,1,,8,,2,,
2,,2,2,4,3,2,1,1,11,1,4,5,5,5,5,5,5,5,5,1,5,1,1,5,5,5,1,2,2,3,1,2,1,1,2,1,1,1,1,2,1,1,1,1,2,2,2,,,3,3,3,3,1,2,3,3,1,1,1,2,1,1,3,1,1,3,3,3,1,3,4,1,,,,10,,,,,,10,My parents,,1,2,2,4,2,2,1,4,3,3,,2,1,1,6/28/2005,,1,,1,,8,,2,,1
2,,1,3,2,2,2,4,3,9,1,4,5,5,4,3,3,2,4,5,3,4,1,4,6,6,8,1,2,2,2,3,1,1,1,1,1,1,1,2,3,3,1,2,1,1,1,1,2,2,3,3,3,3,2,2,3,3,1,2,1,1,1,1,3,1,2,3,3,3,3,4,3,1,,1,1,10,10,,,,1,,,,1,2,1,2,1,1,1,4,4,3,2,1,1,2,12/13/2004,DD11 1QN,1,,1,,8,,2,,
2,,2,2,1,2,2,1,2,11,1,1,5,5,5,2,3,5,4,5,2,5,2,1,5,4,7,1,2,3,2,2,1,1,1,1,2,3,1,2,2,2,1,2,1,3,2,1,3,2,3,3,3,3,1,2,3,3,2,2,1,1,1,1,3,1,1,3,3,3,1,5,4,1,,,10,10,10,,,,,,,,1,1,1,1,1,1,1,4,3,4,3,3,3,1,9/26/2005,DD11 5JY,1,,1,,8,,2,,
2,,1,1,4,2,2,1,3,7,2,3,3,3,1,2,2,5,4,5,3,2,2,11,12,6,11,1,2,2,2,1,1,1,1,1,1,1,1,2,2,1,2,1,2,1,1,1,3,2,2,2,2,2,2,2,2,3,2,2,2,3,2,1,2,1,2,2,2,2,3,4,4,5,,,,10,,,,,10,,,,1,3,2,3,3,3,3,3,4,1,3,2,3,2,8/21/2002,,1,,1,,8,,2,,1
2,,2,1,4,2,2,1,3,8,4,2,3,2,,1,1,1,3,4,3,2,2,4,10,4,1,3,2,2,2,3,1,1,1,2,2,2,1,2,3,1,2,3,3,3,3,3,2,2,2,2,1,1,2,3,1,2,1,2,2,3,2,2,2,1,2,1,2,1,3,4,3,5,,10,1,10,10,,1,1,10,,,,1,1,2,2,1,2,2,4,4,3,2,1,2,2,7/12/2001,DD11 1TG,1,,1,,8,,2,,
2,,1,3,3,2,2,2,3,8,1,2,4,5,4,4,3,5,5,5,3,2,2,6,7,7,9,2,1,3,3,2,1,1,1,3,2,2,3,3,3,3,1,2,2,1,3,3,2,2,2,2,2,1,2,2,2,1,1,2,1,2,1,2,2,1,1,3,2,2,1,2,3,2,,10,10,10,10,1,1,1,10,,,,1,2,3,2,1,1,1,1,3,2,1,1,1,2,3/22/1999,DD11 55Y,1,,1,,8,,2,,
2,,1,3,3,2,2,1,3,8,2,4,5,5,2,1,5,4,5,5,1,5,2,3,9,5,11,2,1,2,3,3,1,1,1,1,1,1,1,1,2,1,2,1,2,1,1,1,2,2,3,3,3,3,2,2,3,3,1,1,1,1,1,1,3,1,3,3,3,3,2,5,5,2,,1,1,1,10,,,,,1,,,1,2,2,3,2,4,2,4,2,4,2,2,3,1,9/17/2002,DD7 7UB,1,,1,,8,,2,,
2,,1,3,3,2,2,2,3,7,2,2,4,1,1,2,1,1,2,2,5,2,,10,14,6,12,3,2,2,3,2,1,1,2,2,2,2,3,2,2,2,3,2,3,2,2,2,3,1,2,2,2,2,2,3,2,2,2,2,2,2,3,3,2,3,3,2,2,2,5,3,1,5,Me and my family do not sleep due to the buick social club moving into our area and has caused my brothers attendence at school to drop hugely,10,10,10,10,10,10,1,10,,,I see a therapist at CAMHS due to the amount of stress and  I have been diagnosed with depression.,1,2,1,1,1,3,2,4,4,3,1,1,1,2,4/20/1999,DD11 3AH,1,,1,,8,,2,,
2,,1,2,4,2,1,1,3,8,2,5,5,5,4,5,1,1,5,5,3,2,2,11,12,3,10,1,2,3,3,2,1,1,1,2,1,1,1,1,1,1,1,2,2,1,3,3,2,2,3,3,2,1,2,1,3,1,1,1,1,1,1,1,2,1,2,2,2,2,,,,,,,,,,,,,,,,,,,,,,,,,,,,,,,,,,,,,,,,1,1
2,,1,1,3,2,2,1,3,7,3,3,1,2,2,3,3,2,2,4,3,4,2,3,6,5,7,1,3,3,3,2,1,1,1,3,3,2,3,3,3,3,3,2,3,1,3,2,3,1,3,3,1,3,2,2,2,3,1,1,2,2,1,1,2,1,2,3,3,3,2,4,4,3,,,,10,,,1,,,,,,1,3,3,4,5,3,3,4,4,1,1,2,2,2,6/17/2003,IV36 1HY,1,,1,,8,,2,,
2,,1,2,4,2,2,1,4,8,3,2,4,1,2,4,1,1,2,4,4,2,3,3,5,7,2,1,2,1,2,2,1,1,1,1,1,1,1,2,2,2,1,1,1,2,2,2,2,3,1,1,1,1,2,2,1,1,1,2,2,2,3,3,1,2,2,2,2,2,3,2,2,4,The stress of caring has led to other problems for me which can make life difficult,,,10,,,,,,,,,1,4,2,2,3,3,3,1,2,2,1,3,4,2,8/17/1999,IV36,1,,1,,8,,2,,
2,,1,1,1,2,2,1,4,5,3,3,4,5,4,3,3,1,5,5,4,3,2,5,5,3,6,2,2,2,3,3,3,2,1,3,2,1,1,2,2,2,3,3,1,1,1,1,2,1,3,2,2,1,3,3,3,3,2,2,2,2,1,2,2,1,1,3,3,3,4,2,2,3,"Its hard because I got called out of school one day for a ""dentist appointment"" & when I got home my mum was scared because she was really ill so I stayed off school the rest of the week & scince its made me parranoid about going to school because she can get ill very fast",,,10,,,,,10,,,I don't know,1,3,3,3,4,3,5,2,3,4,3,1,2,2,10/25/2000,,1,,1,,8,,2,,1
2,,1,1,3,2,2,1,3,5,2,3,4,3,4,1,3,5,5,5,3,2,3,4,6,5,6,2,3,3,2,2,2,1,1,2,2,2,1,3,3,2,2,1,1,1,2,2,3,2,2,2,2,2,2,2,1,2,1,1,1,1,1,1,2,1,2,2,2,2,,,3,2,,1,,10,1,1,,,,,,,1,4,4,5,4,4,5,3,4,4,3,1,1,2,4/18/2000,,1,,1,,8,,2,,1
2,,2,2,4,2,1,2,3,8,3,5,5,2,3,3,3,2,5,5,3,3,2,2,4,5,9,1,1,2,2,1,1,1,1,1,1,1,1,1,1,1,1,1,1,1,1,1,2,2,3,3,2,2,1,2,1,2,1,2,2,2,2,2,2,2,1,2,2,2,4,3,2,3,,,,,,,,,,,,,1,2,2,2,2,1,1,3,3,2,1,2,3,1,9/6/2001,AB56 1NA,1,,1,,8,,2,,
2,,2,2,4,2,2,1,4,6,3,2,1,,1,1,1,2,3,4,4,2,3,1,7,5,6,2,2,3,3,3,2,1,1,1,1,1,,3,3,1,2,3,,2,3,3,2,4,2,2,1,1,3,3,2,1,3,3,3,3,3,2,2,2,3,1,2,1,5,1,1,5,,10,10,10,10,1,1,1,10,,,,1,3,2,3,3,3,2,1,4,1,1,1,2,3,9/21/1999,,1,,1,,8,,2,,1
2,,1,3,4,2,1,2,2,8,2,3,5,2,3,5,3,2,5,5,3,4,2,5,6,5,8,1,1,2,2,2,1,1,1,1,1,1,1,2,2,1,2,1,1,1,1,1,2,2,3,3,3,3,1,1,2,3,1,1,1,1,1,1,3,1,1,3,3,3,1,5,4,2,,,,,,,,,,,,,1,1,2,2,2,2,2,2,2,3,1,1,1,2,6/17/2000,PH35 1HH,1,,1,,8,,2,,
2,,2,2,4,2,2,3,4,6,2,2,4,3,1,5,2,1,5,5,2,2,3,11,13,7,10,1,2,2,2,2,1,2,3,1,1,1,1,2,2,2,1,1,1,1,2,2,2,4,2,2,2,2,2,2,2,3,1,1,1,1,1,1,1,1,1,2,2,2,4,3,4,4,A lot of the internal problems I have are NOT due to my responsibilities as a carer,,,11,,10,,,,,,,1,3,2,3,3,2,3,3,4,2,2,1,1,1,11/19/1999,PA34 5JT,1,,1,,8,,2,,
2,,2,3,2,3,1,1,3,7,3,2,5,3,2,5,2,2,2,5,3,2,3,3,7,6,16,1,1,1,2,1,1,1,1,1,1,1,1,2,1,2,1,1,1,1,2,2,3,2,2,2,1,1,2,1,3,3,1,2,1,1,1,2,2,1,2,3,2,2,2,1,3,3,"Due to my caring I feel I am missing out in a lot of family stuff etc holidays, talks",,11,11,11,,10,,10,,,"don't know, seems out of reach/help",1,3,4,4,4,1,5,4,4,1,1,2,1,1,9/22/2002,PA361QG,1,,1,,8,,3,,
2,,2,2,4,2,2,1,3,7,2,5,5,5,3,4,4,,1,5,3,3,2,3,7,6,6,1,1,1,2,2,1,1,1,1,1,1,1,1,1,1,1,1,1,1,1,1,2,2,2,2,1,2,2,1,2,,1,1,1,2,1,2,2,1,1,1,2,2,1,3,4,3,,,,,,,,,,,,,1,2,3,3,2,3,3,2,3,3,1,1,2,,,,,,,,,,,1,1
2,,1,3,2,3,1,1,2,8,2,5,4,5,4,3,4,5,5,5,3,4,,4,15,7,16,1,2,2,1,2,1,3,1,1,1,1,1,2,2,1,1,1,1,1,1,1,3,2,2,3,2,2,1,3,2,3,2,1,1,2,1,2,2,1,1,1,3,2,4,3,3,2,Sometimes I feel that I don't matter,,,10,,,,,,,,,1,1,2,1,1,1,2,4,4,3,1,2,2,2,1/20/2005,PA371QG,1,,1,,8,,2,,
2,,1,3,4,4,1,1,2,10,3,1,1,1,1,4,1,2,2,1,1,5,2,5,5,6,8,1,2,2,3,2,1,1,1,1,1,1,1,2,2,1,1,1,1,1,2,2,2,3,2,3,3,2,2,3,3,3,1,1,2,1,1,1,2,1,1,3,3,3,3,4,2,2,Caring for Sean has put stuff in perspective,10,10,10,,1,,,10,,,fine,1,2,3,2,2,3,4,4,4,3,2,1,1,2,12/15/2001,PA345PF,1,,1,,8,,2,,
2,,2,2,3,2,2,2,3,9,3,1,5,1,4,2,3,2,2,4,3,3,2,8,9,7,10,1,3,3,3,3,2,3,2,1,1,1,1,3,2,3,2,1,1,1,1,1,2,2,2,2,2,2,1,3,2,3,2,2,2,2,1,2,2,2,1,1,2,2,3,3,3,3,,,,10,,,,,,,,,2,,,,,,,3,3,2,2,1,1,2,6/14/1998,PA345AT,2,,1,,8,,2,,
2,,1,2,4,3,2,2,3,10,1,3,4,5,4,5,1,3,5,5,2,4,1,4,6,5,9,1,2,2,2,2,1,1,1,3,2,2,1,3,2,2,1,1,2,1,2,2,2,2,2,3,3,2,2,1,2,2,1,1,1,1,1,1,3,1,1,1,2,2,1,3,4,1,,,,,,,,,,,,,1,1,2,2,2,3,3,4,4,2,2,2,1,2,,PH2 6RF,1,,1,,8,,2,1,1
2,,1,1,4,2,2,1,3,9,2,3,4,,3,1,2,1,5,5,4,2,2,3,4,4,10,1,2,3,3,2,1,1,1,2,1,1,2,1,,1,1,2,1,2,2,2,4,2,2,2,2,2,2,3,2,3,2,1,2,2,1,2,2,2,1,2,2,1,3,3,3,2,,,,,,10,,,10,,,,1,4,2,4,3,4,2,4,4,2,,2,1,2,9/15/2003,PH1 2TO,2,,1,,8,,1,,
2,,2,2,1,2,2,1,3,5,2,4,4,3,4,2,5,5,4,5,3,3,3,2,4,5,9,2,1,2,3,1,1,1,1,2,1,1,1,3,2,2,1,1,1,1,3,2,3,2,3,3,3,2,2,1,3,3,2,1,2,1,1,2,2,1,1,2,2,2,3,4,2,4,I have trouble sometime's at home as I don't live with my dad and i only get to see him about 4 times a year maximum,1,1,1,10,10,10,10,1,,,,1,3,3,4,3,2,4,3,4,2,1,2,2,1,7/15/2003,PH2 9JF,1,,1,,8,,2,,
2,,1,2,4,2,2,2,3,9,2,5,4,5,4,4,1,5,5,5,2,4,2,5,9,5,5,1,2,2,3,2,1,1,1,2,1,1,1,2,3,1,1,3,1,1,1,1,2,2,3,3,2,2,2,3,3,3,1,1,1,1,1,1,3,1,1,2,2,2,3,4,3,2,No,10,1,10,1,1,1,1,10,,,,1,1,3,3,2,2,3,4,4,3,2,2,1,2,11/16/2001,PH1,1,,1,,8,,2,,
2,,1,1,4,3,1,,3,7,,5,5,5,5,4,4,2,5,5,3,5,2,6,9,4,12,2,2,2,2,1,1,1,1,1,1,1,1,2,2,1,1,1,1,1,1,1,3,1,2,2,2,2,1,2,2,2,1,2,1,1,1,1,2,1,1,2,2,2,1,3,3,3,NO,,,,,,,,,,,No,1,2,3,3,3,3,3,3,4,1,1,2,2,3,-9,PH2 OBB,2,,1,,8,,1,1,1
2,,2,1,4,2,2,1,1,11,2,3,5,3,5,2,5,1,5,5,3,5,2,3,6,5,4,1,3,3,3,3,1,1,1,2,1,1,1,3,3,2,1,3,3,3,1,3,3,4,3,3,3,3,1,1,3,3,1,1,1,1,1,1,3,1,1,3,3,3,1,5,2,1,NO,,,10,,,,,10,,,,1,4,1,2,1,3,1,3,4,1,1,2,2,1,9/20/2001,PH1 3BB,1,,1,,8,,2,,
2,,1,2,4,2,2,1,3,7,2,4,4,4,5,2,3,5,5,5,3,3,2,3,6,5,11,1,1,2,1,2,1,1,1,2,2,1,2,3,2,1,1,1,1,1,2,2,3,2,2,2,3,2,1,1,3,3,,1,1,1,1,1,2,1,1,2,2,2,1,4,4,1,NO,,,10,,,,,10,,,,2,4,3,3,4,4,5,4,4,2,2,2,1,2,1/24/2002,PH2 9JF,1,,1,,8,,,,
2,,2,1,4,2,2,1,3,9,2,2,4,1,4,2,2,2,2,4,3,3,2,9,11,4,4,3,2,2,2,2,1,2,1,2,2,2,2,2,2,2,2,2,2,2,2,2,4,2,2,2,1,2,2,2,2,2,2,2,2,2,2,2,2,2,2,2,2,2,4,3,3,4,"Coping with being a young carer is difficult yes, but I feel proud that I'm making sure my family are okay",10,10,10,10,10,,,10,,,Nothing. YC is the best to help.,1,2,3,3,4,4,5,3,3,2,2,1,2,2,2/27/2001,PH1 2TQ,2,,1,,8,,2,,
2,,2,1,4,2,2,2,3,10,2,4,5,5,5,3,2,4,5,5,4,2,2,2,10,4,12,2,3,3,2,3,3,1,1,1,1,1,1,3,3,3,2,2,2,1,3,3,2,1,3,3,3,3,2,2,3,3,1,2,1,3,2,2,3,1,1,3,3,3,3,5,5,2,,1,10,10,1,1,10,1,10,1,,,1,2,2,4,3,1,1,4,3,1,1,2,2,2,12/8/2003,,1,,1,,8,,2,,1
2,,1,2,4,2,1,1,,,,4,4,5,3,1,3,1,3,5,4,3,2,4,,5,,2,3,2,3,2,1,1,,,,,,,,,,,,,,,,,,,,,,,,,,,,,,,,,,,,,,,,,,,,,,,,,,,,,,,,,,,,,,,,,,,,,,,,,,,,1,1
2,,1,3,2,3,1,1,3,9,2,5,5,5,5,5,2,1,5,5,2,4,1,3,4,4,5,1,2,3,2,2,1,2,1,1,1,1,1,1,1,1,1,1,1,1,1,1,1,4,3,3,3,3,1,1,3,3,1,1,1,1,1,1,3,1,1,3,3,3,1,4,4,1,,1,10,1,1,10,10,1,10,,,,1,1,1,2,2,2,3,1,4,1,1,1,1,2,2/4/2005,PA38 4BN,1,,1,,8,,2,,
2,,1,3,2,3,1,4,3,10,2,5,4,5,5,5,5,5,5,5,2,5,1,2,3,5,3,1,1,2,1,1,1,1,1,1,1,1,1,1,1,1,3,2,1,1,2,3,2,3,3,3,2,3,1,1,3,3,1,1,1,1,1,1,2,1,1,2,3,3,1,2,3,1,N/A,1,,10,10,,,,10,,,N/A,1,1,1,1,1,1,1,4,4,1,1,1,1,1,-9,PA38 4BE,1,,1,,8,,2,,
2,,2,2,4,2,2,3,4,7,3,3,2,4,1,2,1,1,2,5,3,2,3,5,9,3,10,2,2,2,2,3,2,1,1,1,1,1,1,2,2,1,2,2,1,1,3,2,2,2,2,2,3,1,2,3,3,3,1,2,2,2,1,2,1,1,1,2,2,2,2,3,3,4,,10,,10,10,,,,10,10,Mum,,1,3,1,2,1,1,2,,3,1,1,3,,2,10/15/2001,PA33 1AQ,1,,1,,8,,2,,
2,,1,2,3,2,2,3,4,2,4,1,1,1,1,1,1,1,1,4,,3,4,4,12,2,10,2,2,2,2,2,1,1,2,1,1,1,1,1,2,2,3,3,2,1,1,1,2,1,1,1,1,1,2,3,2,1,3,3,3,3,3,3,1,3,3,2,1,1,4,3,1,5,,10,,10,10,,,10,10,,,,1,2,3,3,3,3,3,4,4,2,1,3,,2,5/16/2002,AB16 7EW,1,,1,,9,African/Scottish,2,,
2,,1,1,4,2,2,1,3,8,3,4,4,1,4,2,4,1,4,5,2,4,2,6,15,5,12,1,3,2,2,3,1,1,1,2,1,1,1,2,3,3,2,2,2,1,1,1,2,1,3,3,3,2,2,2,3,3,1,2,2,2,1,1,2,1,1,2,2,2,2,4,3,2,,,1,10,,,1,,10,,,,1,1,3,5,3,3,2,4,4,4,1,2,2,1,1/21/2002,AB16 5VS,1,,1,,8,,2,,
2,,1,1,4,4,2,1,,6,3,4,4,5,3,4,3,4,4,4,4,2,3,7,12,4,4,,2,2,2,2,1,1,1,1,1,1,1,1,2,1,1,,1,2,2,2,2,3,1,1,1,1,1,2,2,1,1,2,2,1,1,1,2,1,2,,1,2,3,2,3,4,,1,10,11,10,10,,,11,,,,2,,,,,,,2,3,3,3,1,2,1,11/29/1998,KY16 8,1,,1,,8,,1,1,1
2,,1,2,4,2,2,2,3,11,1,3,5,5,5,1,3,4,3,5,3,5,1,1,7,5,6,1,1,1,1,1,1,1,1,1,1,1,1,1,3,1,1,1,1,3,1,3,2,2,3,3,3,3,1,1,3,3,3,1,1,1,1,1,3,1,1,3,3,3,1,5,5,1,NO,,,,,,,,,,,Nothing,1,1,1,1,1,1,1,4,4,1,1,2,1,1,4/3/2000,KY8 5AL,1,,1,,8,,2,,
2,,1,3,4,4,1,2,2,8,3,1,2,1,1,1,1,1,1,5,5,3,3,4,15,2,1,1,2,3,2,2,1,2,3,2,2,2,2,3,3,2,3,1,3,1,3,3,2,3,3,3,1,2,3,3,3,1,3,3,3,3,1,3,2,2,1,2,3,1,5,2,1,5,,,,,,,,,,,,,1,4,5,5,4,4,5,4,4,4,4,1,4,2,1/21/2001,KY8 4FD,1,,1,,8,,2,,
2,,1,3,4,4,1,3,3,8,2,5,5,5,5,5,5,5,5,5,2,4,1,6,7,7,14,2,2,2,2,2,1,1,1,1,1,1,2,1,2,2,1,2,2,1,1,1,3,3,2,2,2,2,1,1,2,3,1,1,1,1,1,1,2,1,1,1,2,3,3,3,3,3,,,,,,,,,,,,,,,1,1,1,1,1,4,4,2,,3,4,1,-9,,1,,1,,9,IDK,1,,1
2,,1,1,1,2,2,1,3,10,3,4,4,,1,1,1,5,5,5,3,1,1,1,5,3,7,,3,3,3,3,1,1,1,1,2,2,1,3,3,3,3,3,3,1,1,1,2,1,3,3,3,,3,3,3,,1,1,1,1,1,1,1,1,1,2,3,1,3,1,1,1,,1,10,10,10,,10,,,,,,,,,,,,,4,,4,4,2,2,2,3/11/2000,KY8 2DS,1,,1,,8,,2,,
2,,1,3,2,2,2,1,3,9,4,2,2,1,4,5,4,4,3,5,3,4,2,7,7,7,11,1,3,3,2,3,3,1,1,1,1,1,1,2,2,2,2,1,1,1,1,1,2,1,2,2,2,2,2,2,2,1,1,1,1,2,1,1,2,1,1,1,2,2,3,4,3,5,Everyday is diiferant,10,,10,10,,,,,,,listened too,1,2,3,3,2,2,3,1,3,,2,2,3,2,9/9/1999,,1,,1,,8,,1,,1
2,,1,2,3,2,2,3,3,4,,3,,,,,1,2,1,,,2,3,3,5,3,5,1,2,2,3,1,1,1,1,1,1,1,1,3,3,1,1,1,1,1,1,,2,2,2,2,2,1,1,1,2,1,1,1,1,1,,,,,,,,,,,,4,,,,,,10,,,,,,,1,3,,,,,4,2,4,2,1,2,2,2,8/18/2004,KY6 1AY,1,,2,scottish,8,,3,,
2,,1,1,2,3,1,4,3,5,2,1,5,3,1,3,2,2,2,5,5,2,3,2,9,7,15,2,1,2,3,3,1,1,1,2,1,1,1,1,2,2,2,2,2,1,1,1,3,4,2,2,2,2,2,3,2,3,3,1,1,2,2,3,1,2,2,1,2,2,5,4,3,5,I feel that I just want to curl up into a ball,1,1,10,10,10,10,10,10,,,Nothing. n/a,1,4,2,4,2,5,3,4,4,4,3,2,1,2,5/28/2007,ky6 1jp,1,,1,,8,,3,,
2,,1,3,4,2,2,1,3,11,2,4,5,5,4,4,4,5,5,5,2,5,1,2,5,6,9,2,2,3,2,1,1,1,2,1,1,1,1,2,3,2,2,3,2,1,,,2,1,3,2,3,3,1,1,3,3,1,1,1,2,1,1,3,1,1,3,3,3,,4,5,1,,10,,10,10,1,,,10,,,Meet with my support worker in school to slowly talk about how I got to feel how I am now,1,1,2,2,2,1,1,4,1,2,1,2,2,1,,,1,,1,,8,,2,1,1
2,,2,1,4,3,1,2,3,11,3,5,4,3,3,2,3,3,4,5,2,3,1,2,4,7,6,2,2,3,2,1,1,1,3,3,2,2,2,3,3,2,1,2,2,1,3,2,4,4,3,3,3,3,1,2,3,3,1,1,2,2,1,3,3,1,2,3,3,3,2,4,3,2,,10,1,10,10,,,,11,,,I have enjoyed the zoo passes. We had a great day. I really enjoyed it. I am looking forward to using the cinema passes. (Time for me),1,2,3,4,2,3,2,4,4,3,3,2,1,1,7/17/2006,,1,,1,,8,,2,,1
2,,2,3,4,2,2,1,3,11,2,5,5,5,4,5,5,4,4,5,2,4,1,1,3,6,5,1,1,2,2,1,1,1,1,1,1,1,2,3,3,1,2,2,1,2,1,1,2,3,3,3,2,3,1,1,1,2,1,1,1,1,1,1,3,1,1,3,3,3,1,5,5,1,People should listing to horable staff happing to people,,,,10,,,,,,,To go in the country side,1,2,3,3,1,1,2,4,2,4,4,2,2,1,9/10/2004,KY7 4RB,1,,1,,8,,2,,
2,,1,2,4,2,2,4,2,10,3,4,4,4,5,4,5,2,5,,2,4,2,5,6,6,9,2,2,3,3,3,1,1,2,2,2,2,2,2,2,2,1,1,1,1,2,1,2,3,3,3,2,3,1,2,2,2,1,1,1,2,1,1,3,1,1,2,3,3,2,4,5,1,,,,10,,10,,,10,,,,1,2,2,3,1,2,3,4,4,3,,1,2,2,2/14/2004,KY6 1JW,1,,1,,8,,1,,
2,,1,2,4,2,1,1,3,8,2,4,3,5,3,2,3,1,4,5,1,3,3,7,11,5,12,3,1,2,3,2,1,1,1,1,1,1,1,1,1,1,1,1,1,1,1,1,2,1,2,2,2,2,2,3,2,2,1,2,2,2,2,1,3,1,3,2,2,2,3,3,2,3,I get really tired a lot and I get really depressed a lot,1,1,10,10,1,10,1,10,,,,1,2,2,3,2,3,2,4,4,3,2,2,1,1,3/23/2003,KY2 6LY,1,,1,,8,,2,,
2,,1,2,4,3,2,1,3,10,3,4,4,5,1,1,1,1,5,5,3,4,2,11,15,5,15,1,3,2,3,2,1,3,3,2,1,2,3,2,3,2,3,3,3,2,3,3,2,4,3,2,3,2,3,2,3,2,1,2,1,2,2,1,3,1,1,2,2,3,3,5,3,1,,1,10,1,1,1,10,,10,,,,1,2,2,2,2,1,1,4,4,1,1,2,1,2,6/16/2000,KY8 2DR,1,,1,,8,,2,,
2,,1,3,4,2,1,2,,4,2,5,5,5,1,1,1,1,5,5,4,2,4,11,11,4,2,2,3,3,3,3,1,1,1,2,2,1,2,3,3,3,2,3,3,,,,2,2,3,3,1,1,3,3,2,3,3,3,3,3,3,2,1,2,1,1,2,2,5,1,1,5,,1,10,10,10,10,,,10,,,,1,3,4,4,4,3,4,1,1,1,1,2,3,1,6/18/1999,KY7 GRR,1,,1,,8,,2,1,1
2,,1,1,3,2,2,1,,8,2,2,5,1,3,1,5,1,5,5,1,5,2,10,15,3,16,2,2,3,3,3,2,1,1,2,2,2,1,3,3,1,3,2,2,1,1,1,2,1,2,2,1,2,1,3,2,2,1,1,2,2,1,2,3,1,1,3,2,2,1,4,2,4,,,,11,,,11,,11,,,,1,3,3,3,1,2,2,4,4,3,3,2,2,2,4/7/1999,KY12 OPW,1,,1,,8,,1,1,1
2,,2,2,4,2,2,1,,3,4,4,1,1,3,3,5,1,5,5,3,3,2,8,8,3,3,1,3,3,3,3,1,1,1,1,1,1,1,3,3,3,3,3,3,3,3,3,2,2,3,3,1,1,3,3,2,3,2,1,2,2,2,1,3,1,3,3,3,3,5,3,2,3,,1,,11,10,1,10,,10,,,,2,,,,,,,4,3,1,1,1,3,2,1/19/1998,KY11 2JN,1,,1,,8,,1,1,1
2,,1,3,4,3,1,2,3,7,1,4,3,5,3,2,4,4,4,5,3,4,,5,8,5,7,1,1,2,2,2,1,1,1,1,1,1,1,3,3,1,1,1,1,1,,2,2,3,2,2,2,2,1,3,1,2,2,1,2,1,1,1,1,1,1,2,2,1,3,3,4,3,I get angry at my sister for the things she does. I run out of patience with her.,,,10,,10,,,10,,,If my wee sister stopped breaking my things. A lock on my door.,1,2,2,3,2,3,2,2,1,3,1,1,2,1,3/26/1999,it's Falkirk,2,,1,,2,,2,,
2,,1,1,2,2,2,1,5,4,2,4,4,5,4,4,4,2,5,5,2,4,2,5,11,5,10,1,2,2,3,2,1,1,1,1,1,1,1,3,2,1,2,2,1,1,1,1,2,1,,,,,,,,,,,,,,,,,,,,,4,3,3,3,Too many questions,,,10,10,,10,,,,,,2,,,,,,,4,4,3,4,2,3,1,1/1/1999,Tillicoultry,1,,1,,8,,2,,
2,,1,2,3,2,2,1,4,2,3,2,2,4,1,3,2,2,5,4,4,2,3,4,7,6,4,2,2,2,1,3,1,1,1,2,2,2,2,3,2,1,1,2,2,1,1,1,2,2,2,2,3,2,2,3,2,2,2,2,2,2,1,1,2,1,1,2,2,2,5,3,2,2,It's because my mum passed away 5 months ago,10,10,10,10,,10,,10,,,,1,1,2,3,2,1,1,1,1,1,1,3,,2,5/21/2001,,1,,1,,8,,1,,1
2,,1,1,2,2,2,1,4,4,3,5,5,4,4,3,4,2,5,5,3,3,2,3,5,5,10,2,2,2,3,2,1,1,1,2,1,2,2,3,3,2,1,1,1,1,1,1,3,1,2,2,3,2,1,2,2,3,1,2,1,1,1,1,2,1,1,2,3,3,3,3,3,3,,1,1,1,1,1,1,,10,,,,1,2,3,3,3,3,4,2,4,1,1,2,2,2,,,1,,1,,8,,2,1,1
2,,2,3,4,2,1,1,4,5,3,5,5,5,3,3,1,5,4,5,4,3,3,5,5,5,3,1,1,2,2,1,1,1,1,1,1,1,1,1,2,1,1,1,1,1,1,1,3,4,2,2,3,1,1,3,1,1,1,1,1,1,1,1,1,1,1,1,2,2,3,2,3,2,I struggle with anxiety so often don't go out because of that,11,,11,,10,,,,,,CAMHS and adult mental health services being better. Less waiting times.,2,,,,,,,3,3,1,2,2,1,2,5/18/1997,EH7 4HP,1,,1,,8,,1,,
2,,1,1,4,2,2,1,4,3,2,3,3,5,1,1,1,1,4,5,4,1,4,5,6,3,3,2,2,3,3,2,1,1,1,2,2,2,3,3,3,3,3,3,2,1,1,1,3,2,1,1,3,1,3,3,2,2,2,3,3,3,3,3,2,3,1,2,2,2,4,2,1,5,"I feel very stuck - like there is no way forward and I am lost on what to do  next. I may appear to be coping very well but in reality, everyday is such a task to keep going. I feel really helpless and useless as there is nothing I can do to fix it. I feel very alone and misunderstood, like no one understands me or what I'm going through. I feel desperate for change.",10,1,10,10,10,1,10,10,,,"More awareness from people around me on how I'm coping/what I deal with. People just to listen and try to understand, be more patient with me and more flexible with deadlines/pressures. Someone specific who I can talk to who won't judge me and who will offer support and advice. More respite activities to get a break and to have fun, relax. Workshops to help me cope better - learn techniques, understand feelings and emotions in caring are normal and to not feel guilty.",2,,,,,,,4,3,2,1,1,2,2,10/6/1997,EH7 SQZ,2,,1,,8,,2,,
2,,1,2,3,3,1,2,3,9,1,5,4,5,5,4,5,3,5,5,1,4,1,7,7,3,2,3,3,3,3,3,3,3,1,3,3,3,3,3,3,3,3,3,3,1,1,1,2,2,3,3,3,3,2,1,3,3,1,1,1,2,1,1,3,1,2,3,3,3,2,4,4,1,,,,,10,10,,,,,,,1,1,1,1,1,1,1,3,3,1,3,2,1,2,10/22/2001,KA8 9T8,1,,1,,8,,2,,
2,,2,1,1,2,2,1,5,8,2,4,4,5,3,3,3,4,5,5,5,1,2,5,7,4,10,2,2,2,2,2,1,1,1,1,1,1,1,2,1,2,1,1,1,2,2,2,2,4,2,2,2,2,2,2,2,2,1,2,1,1,1,1,1,1,1,1,1,1,2,2,2,2,,,,10,10,,,,10,,,,1,2,3,3,3,3,3,4,4,4,4,2,2,2,8/18/2003,KA5 5RE,1,,1,,,,2,,
2,,2,1,1,2,2,1,4,11,1,3,1,4,5,1,1,1,3,3,1,1,1,6,15,3,14,1,1,2,1,1,1,1,1,1,1,1,1,2,1,1,1,1,1,1,1,1,2,3,2,2,2,1,1,2,2,2,3,1,1,1,1,1,3,3,2,2,2,2,1,1,1,1,I just get on with it,,,,10,,,,10,,,,1,2,3,4,4,4,4,4,4,4,4,2,1,2,6/24/2005,KA8 ORL,1,,1,,,,2,,
2,,2,2,4,2,2,1,4,6,2,5,5,5,4,4,5,4,5,5,2,4,2,5,7,5,7,2,1,3,2,1,1,3,1,2,2,2,1,3,3,2,1,1,1,1,3,1,3,3,3,3,3,3,1,2,2,3,1,1,1,1,1,1,3,1,1,3,3,3,2,4,4,2,I have my brother to support each other,,,10,,,,,10,,,,1,2,3,3,3,3,3,4,4,4,3,2,2,1,5/14/2002,KA9 1DA,1,,1,,8,,2,,
2,,1,2,2,2,2,2,5,5,2,4,4,5,3,1,2,3,5,5,3,3,3,5,8,4,10,2,1,2,3,2,1,1,1,1,1,1,1,2,2,1,1,2,1,2,3,2,2,2,2,2,2,2,3,3,1,1,2,3,3,2,2,2,2,2,2,1,2,1,4,3,3,3,I miss out sometimes,,,,10,10,,,,,,School understanding more,1,2,3,4,3,3,4,4,1,3,2,2,3,1,12/21/2003,KA6 6DR,1,,1,,,,2,,
2,,2,1,1,2,2,1,4,7,2,4,4,5,3,2,3,3,5,5,3,2,2,7,9,4,6,2,2,2,1,2,2,3,1,1,1,1,1,2,2,1,1,2,1,2,2,2,2,2,2,2,2,3,3,3,1,1,2,2,2,1,1,2,1,1,2,2,1,1,3,3,3,3,,,,10,10,,,,,10,SOCIAL SERVICE,Friends,1,4,5,5,4,5,5,4,4,3,3,2,2,2,4/2/2001,KA7 2NF,1,,1,,9,Spanish,2,,
2,,1,2,4,3,1,2,3,4,3,2,2,5,1,1,1,1,3,2,4,1,4,6,9,3,8,1,2,2,2,2,2,2,1,2,2,2,2,3,3,2,2,2,2,1,1,1,2,3,2,2,3,2,3,3,2,2,2,2,3,3,3,3,1,2,2,1,3,3,5,2,2,5,,10,10,10,10,10,,,10,,,?,1,3,5,5,5,3,4,,4,1,1,2,3,2,1/3/2000,KA1 5RU,1,,1,,8,,2,,
2,,2,1,2,2,2,1,3,7,2,4,5,5,4,3,4,5,5,5,3,3,2,6,8,6,8,1,1,1,1,2,1,1,1,1,1,1,1,2,2,2,1,1,1,1,1,1,2,1,3,3,3,3,2,3,,3,1,2,2,2,1,2,3,1,1,2,3,3,3,3,4,2,,1,1,10,,,,,,,,,,,,,,,,4,4,2,1,1,1,1,7/23/1999,G53 6PX,1,,1,,8,,1,,
2,,2,1,3,2,2,1,4,4,2,1,5,5,1,2,2,2,4,5,2,2,3,9,13,7,13,2,3,3,3,3,3,2,1,2,2,1,2,3,3,3,2,2,2,3,3,3,2,2,2,2,3,2,2,3,2,2,2,2,2,2,2,2,2,2,2,2,3,3,4,2,2,4,,10,10,10,10,10,10,,,,,More regular support groups,2,,,,,,,4,3,3,3,2,3,1,11/24/1998,G52 2UE,1,,1,,8,,2,,
2,,1,2,2,2,2,2,4,7,2,2,4,5,3,3,2,2,5,5,3,2,2,5,7,7,9,2,2,2,2,2,1,1,1,1,1,1,1,3,3,3,1,2,1,1,1,1,2,2,3,3,3,3,2,3,2,3,2,2,2,2,2,2,2,1,2,2,3,3,4,3,3,3,,,1,10,,,1,,1,,,Friends and family,1,1,3,2,2,2,3,2,3,2,1,2,2,2,7/11/2004,G32 8TY,1,,1,,8,,2,,
2,,2,2,3,2,2,2,4,4,1,1,2,4,1,1,1,1,4,5,3,2,3,7,9,6,11,2,2,3,2,3,1,1,1,2,1,1,1,3,2,3,1,3,2,2,3,2,2,,2,2,2,2,2,2,2,2,2,2,2,3,2,2,1,2,2,2,2,2,4,4,3,3,Keep busy - lots of sports,,10,10,10,,10,,10,,,,1,1,2,2,2,2,2,3,4,4,3,2,2,2,4/14/2003,G42 OJT,1,,1,,8,,2,,
2,,1,2,2,2,2,2,2,9,2,5,3,5,4,2,5,3,5,5,3,2,1,2,6,6,,1,1,2,3,2,1,1,1,1,1,1,2,2,2,1,1,1,1,2,2,1,2,2,2,2,2,2,1,1,2,3,1,1,1,1,1,1,2,1,1,2,3,2,2,2,4,1,It's good,,,10,,,,,10,,,Nothing much,1,3,2,2,2,,3,3,4,4,4,1,1,2,5/13/2003,G20 8JT,1,,1,,8,,2,,
2,,1,2,4,2,2,2,3,9,1,2,5,5,4,4,3,5,5,5,2,2,2,5,9,4,5,1,3,3,3,2,1,1,1,2,1,1,1,2,2,1,1,2,1,1,1,1,2,2,3,3,3,3,2,3,3,3,1,1,1,2,1,1,3,1,1,1,1,2,1,4,4,2,,,,11,,,,,,,,,1,3,3,4,3,3,4,4,4,3,3,2,1,2,2/23/2004,G65 OLR,1,,1,,8,,2,,
2,,1,2,4,2,1,2,2,10,2,5,5,5,2,5,1,5,5,5,3,4,1,4,6,3,7,1,2,2,2,2,1,1,1,1,1,1,1,2,3,1,1,1,1,1,2,2,2,1,2,2,3,2,2,2,2,3,1,1,2,1,1,1,2,1,1,2,2,2,3,3,4,3,"I just worry a lot, I'm a worrier. I worry about everyone, everyday. 24/7.",10,1,10,10,10,1,,1,,,,1,2,2,2,2,2,2,2,4,2,1,2,1,2,6/1/2002,G53 5TH,1,,1,,8,,2,,
2,,1,1,3,2,2,1,3,4,2,1,3,5,1,1,1,2,1,2,4,3,,,,,,,,,,,,,,,,,,,,,,,,,,,,,,,,,,,,,,,,,,,,,,,,,,,,,,,,,,,,,,,,,,,,,,,,,,,,,,,,,,,,,,,,1,1
2,,1,1,3,2,1,1,4,8,3,3,4,5,1,2,2,5,2,3,3,3,2,5,15,3,16,1,2,2,2,1,1,1,1,1,1,1,1,1,3,1,1,1,1,1,2,2,2,4,3,3,3,2,2,2,2,3,1,2,2,1,1,1,3,1,1,2,3,3,2,4,4,3,,10,1,10,10,10,1,1,10,,,,1,3,1,2,3,3,4,4,4,1,1,2,2,1,10/27/2001,AB10 7BA,1,,1,,8,,2,,
2,,2,1,4,2,2,1,3,7,3,4,4,4,4,4,3,5,4,4,2,3,2,5,9,6,9,2,2,2,2,2,3,3,,,,,,,,,,,,,,,2,2,,,,,,,,,,,,,,,,,,,,,,,,,,,,,,,,,,,,,1,2,1,1,1,1,1,2,4,2,2,1,1,3,3/13/2000,AB16 7TO,1,,1,,8,,2,,
2,,1,2,4,2,2,2,4,9,2,5,5,4,2,1,3,4,5,5,4,2,2,1,3,5,8,1,1,2,3,2,1,1,1,2,1,1,1,2,2,1,1,3,2,1,1,1,2,2,2,2,2,2,1,1,3,3,1,1,1,1,1,1,2,1,1,2,3,2,3,2,3,3,,10,1,10,,,,1,10,,,,1,2,3,3,2,2,2,4,3,3,2,3,,2,7/8/2003,AB16 7HG,1,,1,,8,,1,,
2,,1,1,4,2,1,1,3,7,2,2,1,2,2,2,1,1,2,5,5,2,2,7,7,7,10,2,2,1,3,1,1,1,1,1,1,1,1,2,2,3,1,1,1,1,2,1,3,4,2,3,2,2,1,2,2,3,1,2,1,1,1,1,2,1,1,2,3,2,3,3,3,4,,,,,10,10,,,,,,,2,,,,,,,1,4,2,2,2,1,2,6/11/1999,AB16 7RA,1,,1,,8,,1,,
2,,1,1,3,3,1,1,4,6,1,5,4,2,3,5,3,5,2,5,3,5,2,9,15,7,16,1,2,1,2,1,3,1,2,1,1,1,1,2,1,1,1,1,1,1,1,2,2,2,3,3,1,1,1,2,2,1,1,2,1,1,1,1,1,1,1,2,1,1,1,3,5,2,,,10,,,,,,10,,,Nothing really,1,1,3,5,3,1,5,3,4,1,1,2,4,1,10/17/1998,G77 5HY,1,,1,,8,,1,,
2,,1,1,2,2,2,1,4,7,3,3,1,5,1,2,4,1,5,4,3,2,3,4,7,3,7,2,2,1,2,3,1,2,1,1,1,1,1,3,3,3,2,2,2,1,1,1,2,1,2,2,3,1,1,2,3,3,2,3,3,2,2,2,3,1,1,3,3,3,3,1,1,4,,10,,10,10,10,,,,,,,1,1,4,5,4,3,4,4,4,2,2,2,4,2,12/21/1999,G44 3YA,1,,1,,8,,2,,
2,,1,3,3,4,1,3,2,8,3,4,5,5,3,4,2,2,5,5,4,3,2,3,5,5,5,2,1,3,3,3,1,1,2,2,2,2,2,3,3,2,1,1,1,2,3,3,2,3,2,2,2,2,3,2,3,1,1,2,2,2,2,2,2,1,2,2,1,2,3,3,2,4,"I have felt very sad in the past but I am trying to feel better (with school counsellor help) but mainly my mum, dad and me talking. I am trying to become more resistant to bad things and personally feel a lot better than even just 6 months ago",10,10,10,10,10,10,10,10,,,Just continue doing what you do (it's very helpful for me),1,3,2,3,2,2,2,4,2,1,1,2,2,2,2/27/2001,G77 6YQ,2,,,,6,,2,,
2,,1,2,4,2,1,3,1,10,1,2,5,5,2,2,5,5,5,5,2,5,1,4,6,5,5,1,3,3,3,2,1,1,1,1,1,1,1,2,2,1,1,2,1,2,2,1,2,3,2,2,2,2,1,1,2,3,1,1,1,1,1,1,1,1,1,2,3,3,2,3,4,1,,,,,,,,,,,,,1,2,2,3,3,2,4,4,4,4,4,2,1,1,10/31/2003,G78 3PQ,1,,1,,8,,2,,
2,,1,3,,4,1,2,3,9,1,5,5,5,5,4,4,5,5,5,2,4,1,6,9,6,8,1,1,2,3,2,1,1,1,1,1,1,1,2,2,1,1,1,2,1,1,1,2,3,2,2,2,1,1,2,2,2,1,1,1,1,1,1,1,1,1,2,2,2,1,4,4,2,,,,,,,,,,,,,1,2,2,3,3,2,2,4,4,3,2,2,1,2,1/6/2004,G76 7PX,1,,1,,8,,2,1,1
2,,1,2,4,2,2,2,3,8,3,4,4,,2,2,1,3,4,4,3,2,2,7,12,5,11,2,2,2,3,2,1,1,2,3,1,1,3,3,3,2,3,3,3,2,3,3,2,3,2,2,,1,1,3,,3,2,2,2,3,2,3,2,2,3,1,2,1,3,3,2,5,NO,,,10,10,,,,,,,,,,,,,,,,,,,,,,,,,,,,,,,1,1
2,,1,2,4,3,1,2,3,8,3,2,4,3,2,4,5,3,4,5,3,3,2,6,13,5,9,2,1,2,3,2,1,1,1,2,1,1,2,2,2,1,1,1,1,1,1,2,2,1,2,2,2,2,1,1,2,2,1,2,1,1,1,1,1,1,2,3,3,2,3,5,3,1,,,,,,,,,,,None of the above,,1,2,4,4,3,3,5,2,3,2,1,1,3,1,8/19/2002,G47 7EW,1,,1,,8,,2,,
2,,1,2,4,2,1,2,1,11,2,5,4,5,2,3,1,4,5,5,5,3,1,4,5,5,7,3,1,2,1,1,1,1,3,2,1,1,2,3,3,3,1,1,2,1,3,3,3,3,2,2,3,2,1,1,2,2,1,2,1,1,1,2,2,1,1,1,2,3,1,2,2,3,I have social and 'stress' problems,10,10,10,1,1,1,1,10,,,,1,2,2,2,1,1,1,1,1,1,1,3,4,1,2/11/2002,,1,,,,7,,1,,1
2,,2,2,4,3,2,1,3,4,4,2,4,5,2,1,2,1,3,2,3,5,2,6,11,1,4,3,3,3,2,3,1,1,1,3,3,3,3,2,2,1,1,2,2,2,3,3,3,2,2,2,2,2,3,3,2,3,2,3,2,2,1,1,2,1,1,3,3,3,3,4,2,3,"I feel no matter what happens to keep hoping for the best, although its hard a lot of the time. So I pray.",10,10,1,10,10,10,10,10,10,hospital therapy,I feel it's hard but one day everything will change soon,1,1,1,1,1,1,3,3,4,2,1,3,4,2,2/26/2003,G78 2JY,6,Nigeria,,,2,,3,,
2,,1,1,1,2,2,1,3,7,2,2,4,4,5,2,2,5,2,5,1,3,2,6,7,5,6,1,3,2,2,2,1,1,1,1,1,1,2,2,2,1,2,1,2,2,2,2,2,1,2,2,2,2,2,2,3,2,1,1,1,1,1,1,2,1,1,1,1,2,4,3,3,3,,,,10,,,,,10,,,,1,4,2,3,3,3,2,2,3,3,3,1,1,2,3/25/2000,G15,1,,1,,8,,,,
2,,1,2,4,3,1,3,1,10,2,2,4,1,4,3,4,5,2,5,2,4,1,2,9,5,8,1,2,3,3,2,1,1,1,1,1,1,1,2,3,2,1,1,3,1,1,1,2,3,3,3,3,3,3,1,2,3,1,1,1,1,1,1,3,1,1,3,2,3,1,4,4,3,NO,,,10,,,,,10,,,NO,1,1,2,2,1,1,1,4,4,2,2,1,1,2,11/17/2001,DG1 4YA,1,,1,,8,,1,,
2,,1,2,4,3,2,4,2,6,2,4,2,5,4,4,2,5,5,5,4,3,3,5,5,5,6,1,2,2,3,3,1,1,,1,1,1,1,2,3,2,1,1,1,1,2,1,2,3,3,3,3,3,3,3,3,3,2,1,2,1,1,1,3,1,1,2,3,3,5,4,3,2,,1,1,11,11,,,,11,,,,1,2,2,2,2,2,2,2,4,2,2,2,2,2,6/26/2003,DG1 3SQ,1,,1,,8,,2,,
2,,1,3,4,2,2,2,5,7,1,5,5,5,4,5,5,1,5,5,1,5,2,11,4,3,15,1,1,2,3,2,1,1,1,1,2,1,1,2,2,1,1,2,1,1,2,2,2,1,3,3,3,3,2,1,3,3,1,1,1,1,1,1,3,1,1,3,3,3,1,5,4,1,Nothing,,,10,,10,,,10,,,dont know,1,1,1,1,1,1,1,2,2,4,1,2,1,2,10/7/2003,,1,,1,,8,,2,,1
2,,1,2,4,3,1,3,3,11,2,5,4,4,4,4,3,3,4,5,2,4,1,5,6,4,10,2,2,2,3,2,2,1,2,1,1,1,1,1,2,1,1,2,2,1,2,3,1,3,3,3,3,3,1,2,3,3,1,1,1,2,1,1,3,1,1,2,3,3,1,4,4,3,,1,1,10,1,,1,,1,,,,1,1,1,1,1,1,1,4,4,4,3,2,1,1,12/2/2004,,1,,1,,8,,2,,1
2,,2,2,4,2,2,4,3,6,3,5,5,5,5,1,5,5,5,5,1,1,1,1,4,6,,2,1,2,1,1,1,1,2,1,1,1,2,3,2,1,1,1,1,1,2,1,4,2,3,3,3,3,1,1,3,3,1,1,1,1,1,1,3,1,1,1,3,3,1,1,1,1,,,1,1,1,1,1,1,1,,,,1,4,5,5,5,5,5,4,1,1,1,3,3,1,4/22/2004,,1,,1,,8,,2,,1
2,,1,3,4,2,1,2,3,7,2,4,5,5,3,5,5,5,5,5,3,4,2,3,5,6,6,1,1,2,3,1,1,1,1,1,1,1,1,2,2,1,2,1,1,1,1,1,4,3,2,2,2,1,2,2,2,2,1,1,1,1,1,1,2,1,1,2,2,2,3,3,3,3,,,,,,,,,,,,,1,1,2,3,1,2,2,4,4,2,,2,2,2,11/7/2003,,1,,1,,8,,1,,1
2,,1,3,4,4,1,4,3,9,2,3,5,2,5,4,2,4,5,5,2,3,2,5,7,6,10,2,1,3,2,1,1,1,1,3,2,2,1,3,3,1,1,1,1,2,3,3,2,3,3,3,3,3,2,2,2,3,1,1,1,1,1,1,3,1,1,2,3,3,4,4,3,1,,,,,,,,,,,,,1,2,3,4,3,3,4,3,4,2,2,1,1,2,6/28/1999,DG12 6TX,2,,1,,8,,2,,
2,,1,3,4,2,1,2,3,11,1,5,5,5,5,5,5,5,5,5,1,4,1,4,6,6,8,2,1,2,2,1,1,1,1,1,1,1,1,1,1,1,1,1,1,1,1,1,1,1,2,2,2,2,1,1,1,2,1,1,1,1,1,1,3,1,1,2,3,3,1,4,3,1,,,,,,,,,,,,,1,1,1,1,1,1,1,4,2,1,1,3,4,1,7/2/2000,DG2 8LA,1,,1,,,,2,,
2,,1,2,3,2,2,2,3,11,3,5,5,5,5,5,4,5,5,5,2,3,1,1,1,4,4,1,2,1,3,1,1,1,1,1,1,1,1,1,1,1,1,1,1,1,1,1,2,2,2,2,2,2,1,1,1,2,1,1,1,1,1,1,1,1,1,1,2,2,1,5,5,1,,,,,,,,,,,,,1,1,1,1,1,1,2,4,4,2,1,2,1,1,8/9/2004,,1,,1,,,,,,1
2,,2,3,4,3,1,1,2,10,2,1,4,5,4,3,4,4,3,5,3,3,2,3,4,3,1,1,1,2,1,2,1,1,3,1,1,1,1,2,2,1,1,1,1,1,2,2,2,4,2,2,2,2,1,2,2,3,1,2,2,1,1,2,2,,1,2,3,2,2,4,2,1,,,,11,,,,,,,,,1,2,3,3,2,3,3,,3,2,1,1,2,2,1/23/2003,DG12 6TD,1,,1,,8,,2,,
2,,1,2,4,2,2,1,2,8,2,1,5,5,4,1,5,1,3,5,2,3,2,4,5,5,2,1,1,1,2,2,1,1,1,1,1,1,1,1,2,1,1,1,1,1,1,1,2,2,2,2,2,3,2,3,,1,2,3,1,2,2,2,2,1,1,2,2,2,3,4,3,3,NO,10,,10,,,,,,,,don't know,1,2,3,3,3,2,4,3,4,1,1,2,2,2,11/1/2000,DG11 1QB,1,,1,,8,,2,,
2,,1,2,3,2,2,1,4,3,3,4,5,3,1,5,1,1,4,5,4,1,3,9,15,4,10,2,2,1,3,2,2,1,1,1,1,1,1,2,3,2,3,3,3,1,2,3,2,2,1,1,1,1,2,3,2,2,1,1,1,1,1,1,1,1,1,2,1,1,3,1,2,1,,10,,10,,10,,,10,,,socialising more/forcing myself into uncomfortable situations to help with my anxieties,1,3,2,3,2,3,3,1,2,1,1,1,3,2,2/15/2001,DG4 6AU,1,,1,,8,,2,,
2,,1,1,3,2,2,1,3,10,2,4,5,5,4,5,4,4,5,5,2,3,2,3,3,6,3,2,3,3,3,3,2,3,2,2,1,1,1,3,3,3,3,3,3,1,3,3,3,1,3,3,3,3,1,1,3,3,1,1,1,1,1,1,2,1,1,2,3,3,3,3,4,2,Need extra time to do homework in school. need extra support in some subjects. When I get this i feel more confident. When I get the above I can manage my caring role better.,,,10,10,,,,10,,,Support from school only,1,2,2,1,1,1,1,3,4,2,1,2,2,2,5/8/2003,DG3 5NQ,1,,1,,8,,2,,
2,,1,3,4,2,2,1,3,8,1,2,5,5,4,2,3,4,5,4,3,2,2,3,11,2,5,2,2,3,2,3,1,1,1,2,2,2,1,3,3,1,2,3,1,1,1,1,3,1,2,2,1,2,3,3,2,2,2,2,1,1,1,1,2,1,2,1,3,3,2,3,2,3,,,,10,10,,,10,10,,,,1,4,4,4,2,2,4,4,4,3,3,2,2,2,,TD11 3UU,1,,1,,8,,2,1,1
2,,1,2,4,2,1,1,4,6,1,3,5,4,3,3,2,2,3,5,3,5,2,1,1,5,12,1,1,3,2,3,1,1,1,2,2,2,2,3,3,1,2,2,3,1,1,1,3,2,3,3,3,3,3,2,3,3,2,2,2,2,2,2,2,2,1,2,3,3,4,3,2,3,,,10,10,10,,1,,1,,,,1,2,1,3,1,1,1,4,4,2,1,1,1,2,,TD2,1,,1,,8,,2,1,1
2,,2,3,4,4,1,2,3,10,1,5,5,5,,3,4,1,5,5,3,5,2,1,3,5,6,1,2,2,2,1,1,1,1,1,1,1,1,2,2,1,1,1,1,2,2,2,3,3,2,2,2,2,1,1,2,2,1,1,1,1,1,1,2,1,1,1,2,2,,,,,,,,,,,,,,,,,,,,,,,,,,,,,,,,,,,,,,,,1,1
2,,1,2,2,2,1,2,3,7,3,,5,,,,,,5,5,3,4,2,4,8,5,15,1,1,1,2,2,1,1,1,1,1,1,1,1,1,2,1,,1,1,1,2,1,1,1,1,1,1,1,1,1,1,1,1,1,1,1,1,1,1,1,1,1,1,1,1,2,1,,,,,,,,,,,,,1,3,2,2,1,1,5,,,,,,,,,,,,,,,,,1,1
2,,2,2,4,2,2,1,3,6,2,1,4,3,5,5,4,1,4,5,2,3,2,3,10,6,7,1,2,2,2,2,1,1,1,1,1,1,1,2,2,2,1,1,1,1,2,1,,,2,2,2,2,2,3,2,2,1,1,1,2,1,1,1,1,1,2,2,2,1,,2,1,NO,10,10,10,10,10,10,10,10,,,,1,2,2,3,1,2,3,2,,4,,1,1,2,11/20/2001,G15 8QY,1,,1,,8,,2,,
2,,1,2,4,2,2,4,2,8,2,5,4,4,4,4,5,4,4,4,2,4,2,5,9,7,12,1,2,2,2,3,1,1,1,1,2,2,2,2,2,1,1,1,1,1,1,1,2,3,3,3,3,3,2,2,3,3,1,1,1,1,1,1,3,1,1,1,3,3,2,5,3,2,I feel good about life and im coping really well,1,1,10,1,1,1,1,1,1,,Young carers group,,2,3,4,3,3,3,4,4,4,4,2,2,1,10/20/2002,,1,,1,,8,,2,,1
2,,2,1,2,2,2,1,5,4,4,2,4,5,4,1,4,5,4,5,3,2,3,5,9,6,8,2,1,3,3,3,1,1,1,1,1,1,1,3,3,2,2,1,1,2,3,3,2,3,3,3,3,2,2,2,2,3,1,2,1,2,1,1,3,1,2,2,3,3,3,5,4,3,Im coping quite well in life despite having so many responsibilities,1,,1,10,10,1,1,10,,,Young carers group. More support,1,3,2,2,2,2,3,4,4,3,4,2,2,2,1/4/2001,G13,1,,1,,8,,2,,
2,,1,2,4,3,1,2,3,10,2,4,5,5,5,5,5,3,5,5,2,4,1,4,6,4,3,1,2,1,2,1,1,1,1,1,1,1,2,3,3,1,1,1,1,2,3,2,4,2,3,3,3,3,1,1,3,3,1,1,1,2,1,1,3,1,1,3,3,3,1,5,4,1,I feel very proud to be a young carer and I learn a lot because of it,10,10,10,1,1,1,1,10,1,,doing more with other family members,1,1,1,1,1,1,1,4,4,3,1,1,2,1,3/11/2003,G61 1HS,1,,1,,8,,2,,
2,,1,2,3,2,2,1,3,7,2,1,2,2,3,2,3,2,1,5,3,3,2,5,13,3,8,1,2,2,2,2,1,1,1,2,2,2,1,2,3,2,3,3,2,1,1,1,2,2,3,3,2,2,2,3,2,2,1,2,1,3,1,2,2,1,3,2,3,3,3,3,4,4,Just struggling,10,10,10,10,10,1,1,10,,,someone to talk to who understands what it's like to care for someone,1,2,2,3,2,2,2,4,4,2,3,2,2,2,12/15/2000,G81 6AO,1,,1,,8,,2,,
2,,1,1,4,2,2,2,3,5,2,3,2,1,1,3,3,4,,5,3,3,2,6,13,5,12,2,2,2,3,2,1,1,3,1,2,2,1,2,2,2,2,2,2,1,2,2,2,3,2,2,2,2,2,2,2,2,1,2,2,1,1,2,2,1,2,2,2,2,3,3,3,3,,,,10,,10,,,,,,,1,3,4,4,4,4,4,3,4,,4,2,2,2,1/9/2000,G81 1DA,1,,1,,8,,2,,
1,,1,1,2,2,2,1,4,4,3,1,4,2,1,1,2,2,3,2,3,2,3,10,14,3,16,2,2,3,3,2,2,1,1,1,1,1,1,3,2,2,2,2,1,1,1,1,2,1,1,2,1,1,1,3,2,1,2,2,2,2,3,2,1,2,1,1,2,2,3,2,2,4,No thank you,11,1,11,10,1,1,1,11,,,,1,2,4,5,5,4,4,4,2,,3,3,4,1,10/15/2001,G81 1DR,1,,1,,8,,1,,
2,,1,1,4,3,2,3,3,6,2,5,3,5,4,5,2,5,5,5,2,2,2,8,12,5,8,2,2,2,2,3,3,1,1,1,1,1,1,2,3,3,3,3,1,1,1,1,2,1,2,2,2,2,2,3,2,3,1,2,2,2,1,1,1,1,1,2,2,2,3,2,3,3,taking it one day at a time,10,10,10,1,1,1,1,,,,young carers drop ins,,,,,,,,4,4,2,2,1,1,2,10/13/1998,G81 4JT,1,,1,,8,,2,,
2,,1,2,4,2,2,2,3,3,1,3,4,5,1,1,1,1,3,5,3,3,4,3,6,6,1,1,3,3,2,,1,1,1,1,1,,1,1,1,1,1,1,1,1,2,1,3,2,1,1,1,1,3,3,2,3,1,3,3,3,3,1,1,1,3,1,1,1,5,3,1,5,I cope by watching jacksepticeye as he has always been there when no one else was. He taught me to 'keep going' and to not give up. H'es made me laugh when no one else could. I feel lost and confused.,10,,,,,,,,,,Horse riding,1,4,1,1,1,1,1,3,2,2,,2,1,2,7/12/2003,,5,,1,,8,,2,,1
2,,1,2,2,2,2,2,3,6,2,3,5,2,2,2,2,1,5,5,3,3,3,10,11,2,3,3,2,3,2,3,1,3,1,2,2,2,1,3,3,2,3,3,3,1,,3,2,2,2,2,2,2,3,3,2,3,1,3,3,3,3,2,1,1,3,2,2,2,4,4,2,4,"The worst thing about feeling really down is, you don't know how to speak to people or tell them about your problems because you think they don't care or think your annoying",10,10,10,10,1,10,,10,,,For teachers in school to be notified when you are a young carer and give you a bit more leeway with some stuff,1,3,4,4,3,4,4,4,4,1,1,2,3,2,12/25/1999,G81 5BJ,1,,1,,8,,2,,
2,,1,2,4,4,2,1,3,10,2,2,4,3,4,1,4,2,4,4,3,4,2,8,11,5,4,1,2,2,3,2,1,1,1,1,1,1,1,1,3,2,1,2,1,3,3,3,,,3,3,2,3,2,2,2,3,1,1,1,1,1,1,3,1,2,2,3,3,2,4,3,2,,,,10,,,,,10,,,,1,2,2,4,2,2,1,4,4,4,3,1,1,1,1/18/2004,G15 8RT,1,,1,,8,,2,,
2,,1,3,4,4,1,1,2,8,2,1,1,2,3,1,2,2,4,5,4,3,2,7,8,4,6,1,2,3,3,2,1,1,1,1,1,1,1,3,3,1,1,2,2,1,1,1,2,4,2,2,3,2,2,2,1,3,1,2,2,2,1,1,2,1,2,2,2,2,4,3,2,3,NO,,,,10,,,,,,,,1,2,2,3,2,2,3,2,3,2,2,1,1,2,7/26/2000,G83 8QG,1,,1,,8,,2,,
2,,1,1,4,2,2,3,3,9,3,4,5,5,5,1,5,1,4,5,3,3,2,5,9,4,6,1,2,2,2,1,1,1,1,1,1,1,1,2,2,2,2,1,1,1,1,1,2,1,2,2,3,,,,,,,,,,,,,,,,,,3,4,,,,10,,10,10,,,,,,,,1,3,2,2,3,3,4,3,4,4,,2,2,2,6/29/2004,G83 8DL,1,,1,,,,2,,
2,,1,1,4,4,2,1,3,4,4,3,4,1,1,1,1,1,3,5,3,,,,,4,6,2,3,3,3,2,2,1,1,2,1,1,1,2,2,1,2,2,1,2,2,2,3,1,2,2,1,1,2,3,2,2,1,3,2,3,2,2,1,1,3,2,2,2,3,2,3,3,,,1,10,10,1,1,1,10,,,,2,,,,,,,2,2,1,1,2,3,2,3/4/1998,,1,,1,,8,,2,,1
2,,1,3,3,3,1,2,3,7,2,2,4,3,4,4,4,3,5,5,2,4,2,2,4,2,3,3,3,3,3,3,3,3,2,3,3,3,3,3,3,3,3,3,3,3,3,3,2,2,3,3,3,3,2,2,3,3,1,1,1,2,1,1,2,1,2,2,3,3,3,4,4,3,,,,10,10,,,,,,,,2,,,,,,,3,3,1,3,1,1,2,7/13/1991,ML11 9YP,1,,1,,8,,2,,
2,,1,2,4,2,2,1,3,9,2,4,4,5,5,4,4,5,5,5,2,4,1,4,11,5,10,1,1,2,2,2,1,1,1,1,1,1,1,2,1,2,1,1,1,1,1,1,2,3,3,3,3,3,1,1,2,2,1,1,1,1,1,1,1,1,1,2,3,2,1,4,4,1,,,,10,,,,,,10,YC Forum,,1,2,2,2,2,2,2,4,3,3,2,2,1,1,3/8/2000,ML9 1DH,1,,1,,8,,2,,
2,,1,3,4,4,1,2,1,11,2,5,5,4,5,4,5,5,5,5,2,5,1,2,5,6,4,2,2,2,3,1,,1,3,2,2,2,1,3,3,2,2,2,2,2,3,3,2,3,3,3,3,3,1,1,3,3,1,1,1,1,1,3,1,1,1,3,3,3,1,5,5,1,,1,1,1,10,10,1,1,10,1,,good,1,2,1,1,1,1,1,4,2,3,,1,1,1,02/28/2006,G75 9JF,1,,1,,8,,2,,
2,,1,2,4,3,2,1,3,6,2,5,5,5,3,4,5,1,5,5,3,3,2,1,2,5,6,2,2,1,2,3,1,1,1,1,1,1,1,2,2,1,1,1,1,1,2,2,3,3,2,3,2,2,1,1,2,2,1,1,1,1,1,1,2,1,1,2,2,2,1,1,3,1,,,,10,,,,,10,,,nothing,1,2,1,2,1,1,1,3,4,4,3,2,1,2,5/9/2007,IV27 4BA,1,,1,,8,,2,,
2,,2,2,3,2,1,3,3,7,2,4,5,5,4,2,5,1,5,5,3,3,2,5,12,1,1,3,3,3,3,3,2,1,1,3,1,2,1,3,2,3,1,1,1,1,3,3,2,1,1,2,1,1,2,3,1,1,2,2,2,3,2,3,1,3,1,1,1,1,5,1,2,5,I find it hard but I have to deal with it,,1,,,,,,1,11,Friend,,1,1,1,3,1,1,1,4,4,3,2,2,2,2,9/14/2004,KW10 6TR,1,,1,,8,,2,,
2,,1,2,1,2,2,2,4,7,1,5,4,5,5,5,3,5,5,5,3,2,2,7,15,4,8,1,1,2,2,1,1,3,1,1,1,1,1,1,1,1,1,1,1,1,1,1,2,3,2,2,2,2,1,1,2,2,1,1,1,1,1,1,1,1,1,1,2,2,3,3,3,4,,10,10,10,10,10,10,10,10,10,,,1,3,3,2,3,2,3,4,4,4,4,2,1,2,12/21/2002,KW9 6QW,1,,1,,8,,2,,
2,,1,2,2,3,1,2,3,5,2,2,4,5,3,2,2,1,4,5,4,3,2,6,9,5,6,2,2,3,3,3,1,1,1,1,1,1,1,3,3,2,2,2,1,1,3,3,2,2,2,2,3,2,1,1,2,2,1,2,1,2,1,1,2,1,2,2,2,3,3,4,3,2,No,,1,1,,,1,,11,,,One to one chats,1,3,3,4,3,3,4,1,4,1,1,2,2,2,10/17/2003,KW9 6QQ,1,,1,,8,,2,,
2,,1,1,4,2,2,1,3,8,2,3,3,3,2,2,2,4,4,5,4,2,2,4,7,5,3,2,3,2,3,3,1,3,1,1,1,1,1,2,3,1,2,2,1,1,1,1,2,1,2,2,1,2,3,2,2,2,2,3,2,3,2,2,2,2,1,2,2,1,5,3,2,4,,10,10,10,10,10,,10,10,,,,1,3,5,5,4,4,5,2,3,1,1,2,2,2,12/28/1999,Kw9 6PF,1,,1,,8,,2,,
2,,1,3,4,3,1,2,3,9,1,5,5,5,4,5,3,5,5,5,2,4,1,3,5,4,8,1,2,2,3,2,1,1,1,1,1,1,1,2,2,1,1,1,1,1,1,1,2,1,3,3,3,3,1,1,3,3,1,1,1,1,1,1,3,1,1,3,3,3,1,5,5,1,,,,10,,,,,,,,,1,1,2,4,3,3,3,4,4,4,4,2,2,1,2/10/2002,KW9 6PX,1,,1,,8,,1,,
2,,2,2,4,2,2,2,3,7,2,4,5,4,3,2,1,2,5,5,4,4,2,5,11,5,10,2,1,1,2,1,1,1,,1,1,1,1,2,3,1,1,1,1,3,3,2,4,2,2,2,2,2,2,1,2,2,1,1,1,3,1,1,2,1,1,2,2,2,1,5,3,1,,,11,11,,,,,,,,video games,1,2,2,3,2,2,2,4,1,3,1,2,2,1,11/19/2002,,6,Poland,1,,8,,1,,1
2,,1,3,4,3,1,4,3,7,1,3,5,3,5,3,3,4,5,5,4,3,2,2,4,6,3,2,1,2,3,2,1,1,1,1,1,1,1,2,2,3,1,1,1,1,1,1,4,4,3,3,2,2,2,3,2,3,1,1,1,1,1,1,2,1,1,2,3,3,1,3,3,2,No,1,,10,,1,,,,1,Social services,Extra supports when my brother is home,1,2,2,2,2,1,1,2,4,2,1,2,3,2,7/4/2005,IV27 4NZ,1,,1,,8,,2,,
2,,1,3,3,2,2,1,3,5,2,5,4,4,2,5,2,1,5,5,4,1,2,3,7,4,6,3,2,3,1,3,1,1,2,3,2,2,,3,3,3,3,3,3,2,2,2,2,1,2,3,1,1,3,2,2,2,1,1,1,3,2,1,2,1,1,3,3,3,2,3,1,3,,,,10,,,,,,,,,1,3,5,5,4,2,4,4,4,1,1,2,2,2,5/10/2002,PA23 8RE,1,,,,8,,2,,
2,,1,2,4,4,1,3,3,7,2,2,4,5,4,4,4,3,4,5,3,2,2,6,11,5,10,2,3,2,2,3,1,1,1,3,1,1,3,2,3,1,3,2,1,1,1,1,2,3,1,1,1,1,3,2,1,2,2,3,2,2,1,1,1,1,2,1,1,1,3,2,2,3,,1,,10,,,,,,,,,1,3,2,2,2,2,3,1,2,2,2,2,2,2,12/28/2000,PA23 7HU,2,,1,,8,,2,,
2,,2,3,4,4,1,1,2,10,3,2,4,3,1,4,3,1,3,4,3,3,1,6,6,5,8,2,1,2,1,2,,1,2,2,2,2,2,3,3,3,1,1,2,1,1,3,4,4,2,3,2,1,,,2,3,1,2,,,1,1,1,1,1,3,2,2,3,3,3,3,Q22 Because I feel like there is no other choice,,,11,10,10,,,10,,,There have been life style changes which have made me feel better about my self,1,2,2,2,2,2,2,2,2,2,2,1,3,2,9/23/1999,PA23 8HJ,6,Latvia,1,,8,,2,,
2,,1,2,2,3,1,2,3,6,3,4,4,5,2,2,3,1,5,4,4,3,3,4,7,5,10,3,2,2,2,1,1,1,2,2,1,1,2,3,3,1,1,1,1,1,2,3,3,3,2,2,2,1,3,3,2,1,2,2,3,2,2,3,2,2,2,2,2,1,4,3,3,2,,10,1,10,1,1,10,1,10,,,,1,2,3,4,2,2,2,4,4,3,3,1,3,1,7/30/2004,PA23 7AE,1,,1,,8,,2,,
2,,1,2,3,2,2,2,4,5,3,4,4,4,1,1,2,2,2,4,4,2,3,5,8,5,11,2,2,2,3,2,2,2,1,3,3,3,3,3,3,,3,1,2,1,1,1,3,1,2,2,2,1,2,2,2,,1,2,2,2,2,2,2,1,1,1,3,2,3,3,3,3,Nope,,,1,,10,,,10,,,,1,4,2,2,3,3,2,3,3,2,2,2,2,2,12/18/2000,PA20 0JD,1,,1,,8,,1,,
2,,1,1,4,2,2,2,4,9,1,5,5,2,5,3,4,5,5,5,2,4,2,3,5,5,6,1,1,2,3,2,1,1,1,1,1,1,1,2,2,2,1,1,1,1,2,2,3,2,2,2,2,3,2,2,2,3,1,1,2,1,1,1,3,1,1,3,3,3,3,4,4,3,Not really,1,10,1,1,10,10,10,1,,,Nothing else,1,1,2,1,1,1,1,4,4,3,3,2,1,1,1/27/2001,G14 0QL,1,,1,,8,,3,,
2,,1,1,1,2,2,1,4,10,1,5,5,5,5,5,5,4,5,4,2,4,1,5,7,5,6,1,1,2,2,2,1,1,1,1,1,1,1,2,1,1,1,2,1,1,1,1,2,1,3,2,2,3,1,1,2,2,1,1,1,1,1,1,2,1,1,3,2,2,1,3,4,1,,1,1,10,1,1,10,1,1,,,,1,1,1,2,2,2,1,4,4,3,1,2,1,1,3/3/2001,G14 0HE,1,,1,,8,,2,,
2,,2,1,2,2,2,3,3,7,1,5,4,5,5,4,2,5,5,5,3,2,2,3,9,5,8,2,3,3,2,3,1,1,2,2,1,2,1,2,2,2,2,1,2,2,2,1,3,3,2,2,3,2,1,1,2,2,1,1,1,2,1,2,2,1,1,2,2,2,3,3,4,3,No,1,,10,1,,,,,,,Nothing,1,2,2,2,1,2,2,2,4,2,1,3,,2,2/14/2004,G14 9SX,6,Somalia,2,Somalian,2,,2,,
2,,2,2,1,2,2,1,4,9,2,1,5,5,5,3,3,5,5,5,2,2,2,4,7,5,11,1,1,2,2,1,1,1,2,2,1,1,1,2,2,1,1,1,1,1,1,1,2,3,2,2,2,1,1,1,2,2,1,1,1,1,1,1,2,1,1,2,3,2,1,3,2,2,,,,11,,1,,,10,,,nothing,1,3,2,2,1,2,3,2,2,4,4,2,1,2,1/18/2003,,2,,1,,8,,1,,1
2,,1,1,2,2,2,2,4,8,2,5,5,5,5,5,4,5,5,5,3,3,2,4,7,5,6,2,2,3,3,3,2,1,1,1,2,,2,3,3,3,2,2,2,1,1,1,2,2,3,3,3,3,1,2,3,3,2,2,2,2,1,1,3,1,1,3,3,3,2,3,4,2,,,,10,,,,,10,,,,1,2,1,2,1,1,1,3,4,3,1,2,1,2,4/10/2000,G13 2HH,1,,1,,,,2,,
2,,2,3,4,2,2,1,3,4,2,1,3,,2,4,2,2,2,4,3,2,3,3,8,3,8,1,1,2,3,2,1,1,2,1,1,1,1,3,3,2,1,1,1,2,2,2,2,2,2,2,2,2,2,2,2,2,2,2,2,2,3,2,2,2,2,2,2,2,4,3,2,5,,1,10,10,1,1,1,1,1,,,,1,4,3,4,3,3,4,4,4,2,1,2,2,2,3/30/2001,G15 8AH,1,,1,,8,,2,,
2,,2,1,2,2,2,2,,9,2,4,4,5,4,5,5,2,5,5,3,3,3,3,5,4,11,2,3,3,2,2,2,1,1,3,3,2,2,2,3,2,2,3,3,3,2,3,4,2,3,3,2,2,2,2,3,3,1,2,1,3,1,1,3,1,2,3,3,3,2,4,4,3,,,,10,,,,,,,,,1,1,1,1,1,1,1,3,4,2,,2,2,2,3/20/2003,G14 9TA,6,Nigeria,1,,2,,2,1,1
2,,2,3,4,3,2,1,3,8,2,4,5,5,4,4,3,4,5,5,3,2,2,1,6,4,9,1,1,3,2,3,1,1,2,1,1,1,1,2,2,2,2,2,1,1,1,1,2,3,2,2,2,2,1,1,2,2,1,1,1,1,1,1,2,1,1,2,2,2,4,3,3,2,,,,10,10,,,,1,,,,1,2,2,2,2,2,2,2,4,1,1,2,2,2,11/26/2004,G15 8AH,1,,1,,8,,2,,
2,,1,2,3,2,2,3,2,8,1,3,4,5,5,3,4,5,5,4,2,3,2,4,3,5,9,1,1,2,2,1,1,1,1,2,1,1,1,2,2,1,1,1,1,1,2,1,2,3,3,3,3,3,1,1,3,3,1,1,1,1,1,1,3,1,1,1,3,3,1,4,4,2,,10,10,10,10,,10,,10,,,,1,2,2,4,3,2,3,3,4,3,2,2,1,2,8/31/2002,,1,,1,,9,Gypsey/traveler,2,,1
2,,2,2,4,2,2,3,4,7,2,2,4,3,2,1,1,1,2,5,3,2,2,1,1,4,8,1,1,3,2,2,1,1,1,1,1,1,1,2,2,1,1,2,2,1,1,1,2,3,3,3,3,3,1,2,3,2,1,2,2,2,2,1,2,2,2,2,2,3,4,2,3,4,,1,1,10,1,1,10,1,1,,,no,1,2,3,2,2,2,3,4,4,1,1,2,1,2,10/5/2004,EH11 3PS,1,,1,,8,,2,,
2,,2,2,4,2,2,2,3,8,3,3,4,2,3,2,2,1,3,4,4,4,2,6,13,7,13,2,1,3,3,3,1,1,1,2,2,1,1,3,3,1,2,2,1,1,2,3,2,4,3,3,3,3,2,2,3,2,1,1,1,2,1,1,1,1,1,2,3,3,4,3,2,2,Nope,,,,,,,,,,,Nothing,1,2,2,2,2,4,4,4,4,4,4,2,2,3,5/26/2003,EH11 3SR,1,,1,,8,,1,,
2,,1,2,3,3,2,2,2,8,2,5,5,5,3,5,4,5,5,5,2,3,2,5,7,5,10,3,2,3,3,3,3,3,2,2,3,3,3,3,3,3,3,3,3,3,3,3,2,3,3,3,3,3,3,3,3,3,3,3,3,3,3,3,3,3,3,3,3,3,3,3,3,3,nope :),1,10,10,10,1,1,1,10,,,nope :),1,3,3,4,4,4,4,4,4,4,4,2,2,2,12/22/2001,EH12 7UN,1,,1,,8,,2,,
2,,1,3,4,4,1,1,4,5,2,5,4,4,2,1,1,4,3,5,4,2,2,1,1,5,9,2,2,2,2,1,1,1,2,2,1,1,2,2,2,2,2,1,2,1,1,1,3,4,2,2,2,1,1,1,2,2,1,1,1,1,1,2,1,1,1,2,2,2,2,3,3,2,Nope,,,,,,,,,,,,1,3,2,3,3,3,2,4,4,3,1,1,2,,2/16/2002,EH12 8XL,1,,1,,8,,2,1,1
2,,1,2,2,2,2,1,3,6,2,2,5,1,1,1,1,1,4,5,5,2,3,9,12,6,7,1,2,2,2,3,1,1,3,3,3,3,3,3,3,3,1,3,1,1,3,3,2,3,2,3,1,3,3,3,3,3,2,3,3,3,3,3,2,2,3,3,3,3,5,4,3,5,,,,10,10,1,,,10,,,,,,,,,,,4,2,1,1,2,3,2,,12/2/1998,1,,1,,8,,2,1,1
2,,1,1,4,2,2,1,3,6,4,2,5,5,1,2,1,2,3,5,3,2,2,11,13,6,14,1,2,3,3,2,1,1,1,1,1,1,1,2,3,2,2,2,1,1,1,1,2,1,2,2,1,1,1,3,3,3,1,2,1,2,2,1,1,1,2,2,3,2,2,3,2,2,No support since young carers group stopped,10,,11,11,10,,,10,,,Therapy/counselling,1,4,5,5,5,5,5,2,3,1,1,2,1,2,10/22/1999,PA15 1PG,1,,1,,8,,1,,
2,,1,2,3,2,2,1,3,6,2,4,5,1,1,2,1,1,4,4,4,1,3,11,15,6,9,4,2,2,3,3,1,1,3,3,3,3,1,3,,2,1,3,3,1,1,1,2,1,2,3,2,2,3,2,3,3,2,1,1,2,2,2,2,1,1,1,2,2,4,2,3,3,,10,,,,10,,,,,,,1,4,5,5,5,5,5,2,2,3,3,2,2,,9/24/2001,,1,,1,,8,,1,1,1
2,,1,3,4,2,1,1,3,7,2,5,5,5,5,4,5,4,4,5,3,4,2,5,15,7,16,2,1,2,2,2,1,1,1,1,1,2,1,2,1,1,1,2,1,1,1,1,2,2,2,2,2,2,1,1,2,1,1,1,1,2,1,1,2,1,1,2,2,2,1,4,3,1,,,,,,,10,,10,,,,1,2,4,4,3,4,4,4,3,4,3,1,1,1,9/1/2001,PA14 6ER,1,,1,,8,,1,,
2,,1,2,3,2,2,1,2,9,2,2,2,5,1,2,1,1,2,1,4,2,1,7,11,3,6,3,3,3,3,2,2,3,1,2,2,1,3,3,3,1,3,3,3,3,2,2,2,2,3,3,3,2,3,3,3,2,1,2,3,3,1,1,3,1,3,3,3,3,2,4,2,5,,1,10,10,10,1,10,1,10,,,,1,2,3,2,2,2,2,4,3,3,3,1,2,2,4/6/1999,PA16 0ET,1,,1,,8,,1,,
2,,1,1,3,2,2,1,3,7,2,2,1,1,4,1,5,1,4,1,3,2,2,11,15,3,16,2,2,1,3,2,2,3,1,1,1,1,2,3,2,2,1,2,1,1,1,1,2,1,2,2,2,1,2,2,1,2,1,2,3,3,2,2,2,3,1,1,2,3,4,4,1,2,,1,1,1,1,1,1,1,1,,,,,,,,,,,2,1,4,4,1,1,1,2/11/2000,,1,,1,,8,,1,,1
2,,1,2,4,2,2,2,3,7,2,3,5,4,3,5,2,5,4,5,3,3,2,6,7,5,9,1,2,2,,,,,,3,2,2,1,3,3,2,1,2,1,1,3,2,2,2,3,3,2,2,1,2,3,1,2,,1,2,2,2,1,1,3,2,1,3,3,2,1,3,,,10,1,,,10,,1,,,,1,2,2,3,2,2,2,4,2,1,,1,2,1,7/13/1999,PA16 9AW,1,,1,,8,,1,,
2,,1,1,3,3,2,1,4,10,3,2,4,4,1,2,2,1,5,5,2,4,2,10,15,6,16,2,2,3,3,1,1,1,1,2,2,1,1,3,3,2,1,2,1,1,3,2,3,3,3,3,3,2,2,2,3,3,1,1,1,2,2,1,2,1,1,3,3,3,2,4,4,2,"After attending CAMHS for two years and being on two different types of anti-depressants, the dosage that I'm on has helped me to feel better about life and my caring duties",,10,10,10,10,,,10,,,,1,2,2,2,1,1,1,1,4,3,2,1,2,1,11/9/1999,PA16 0UP,1,,1,,8,,1,,
2,,1,2,2,2,2,1,3,6,2,5,5,5,5,5,5,5,5,5,3,4,2,5,5,5,4,1,2,3,1,1,3,1,1,1,1,1,1,1,1,1,1,1,1,1,2,2,4,2,2,2,2,2,1,2,2,2,1,2,1,1,1,1,3,1,1,2,2,2,1,3,3,3,,10,1,10,10,1,10,1,10,10,youth club,,1,2,2,2,2,2,2,4,4,3,,2,2,2,11/27/2001,PA16,1,,1,,8,,1,,
2,,1,2,4,3,1,3,3,6,2,4,5,4,4,2,4,3,5,5,3,3,3,3,9,6,8,2,1,1,1,2,1,1,1,2,2,2,2,2,2,2,1,2,2,1,1,1,2,3,2,2,2,2,2,2,2,2,1,2,2,2,1,2,2,1,1,2,2,2,1,4,3,1,No,,,1,,,,,,,,No,1,2,3,2,2,2,3,4,4,4,3,2,1,2,7/13/2004,TD5 7NA,1,,1,,8,,2,,
2,,2,3,4,4,2,1,3,11,2,4,3,5,4,5,2,5,5,5,2,4,1,1,1,5,8,1,1,1,1,1,1,1,1,1,1,1,1,2,1,1,1,1,1,1,1,1,1,3,3,3,3,3,3,3,3,3,1,1,1,3,1,1,3,1,1,3,3,3,2,4,5,2,,1,1,1,1,1,1,1,1,,,,1,1,2,2,1,1,1,4,4,2,1,3,2,2,3/3/2006,TD11 3HA,1,,1,,8,,2,,
2,,1,3,4,4,2,1,3,7,2,4,4,5,3,4,2,1,3,5,4,2,2,7,11,3,6,1,2,3,3,3,2,1,1,2,1,2,2,3,3,2,2,2,2,3,3,3,3,2,3,3,2,2,3,3,3,3,3,3,2,3,3,3,2,2,3,3,3,2,4,3,2,3,,10,10,10,1,1,10,10,10,,,,1,1,1,1,1,1,3,3,4,1,1,2,1,2,8/11/2000,TD11 3HA,1,,1,,8,,2,,
2,,1,2,2,3,2,4,3,6,2,2,4,5,3,1,3,5,4,3,3,4,2,7,11,5,10,3,3,2,3,2,3,1,1,2,2,1,1,2,2,3,3,2,1,1,1,1,2,3,3,3,3,3,3,3,3,3,2,2,2,1,2,3,1,2,3,3,2,3,2,5,3,2,No,,,10,,,10,,10,,,,1,4,3,2,2,3,3,4,4,2,4,1,1,2,3/12/2002,TD11 3HW,1,,1,,8,,3,,
2,,1,3,4,3,1,1,3,9,3,5,5,2,1,,,,,5,3,2,2,1,4,5,9,2,1,1,2,2,1,1,1,2,1,1,2,1,1,1,3,2,2,1,1,1,2,3,2,2,2,2,1,3,2,2,1,1,2,2,1,1,1,1,3,2,2,2,3,1,2,4,well looking after my mum and walking the dog and homework I'm quite stressed,,,,,,,,10,,,well I have help from the school nurse the young carers and the school guidance,1,2,3,3,3,3,3,4,4,1,1,1,3,2,7/22/2003,TD11 3HW,1,,1,,8,,2,,
2,,1,3,4,2,2,1,3,6,2,3,4,4,3,3,4,4,4,5,2,3,2,3,4,5,5,1,2,2,2,2,1,2,2,2,2,1,2,2,3,3,2,3,1,1,1,1,2,3,2,2,2,2,2,2,2,2,2,2,2,2,2,1,2,1,1,2,2,2,2,3,3,3,Not that I can think of just I lose my temper when I am stressed and upset,1,1,1,1,,1,,1,,,,1,3,2,2,2,2,2,4,4,1,1,2,3,2,3/6/1999,TD14 5RG,1,,1,,8,,2,,
2,,1,1,3,2,2,2,3,8,3,3,4,5,2,2,4,1,3,5,3,3,2,2,6,5,6,2,2,2,3,2,1,1,2,1,1,1,1,1,2,1,2,1,1,3,1,1,2,2,2,2,3,3,1,2,2,2,1,1,1,1,1,1,2,1,1,3,3,3,2,4,1,2,nope,10,1,,,,1,,10,,,,1,3,3,4,4,3,3,4,4,4,3,2,2,1,2/14/2002,,1,,1,,8,,3,,1
2,,1,2,3,3,1,4,3,10,2,5,5,4,4,3,3,5,5,4,1,5,1,4,15,6,16,1,2,2,2,3,3,2,1,1,2,2,1,2,3,1,3,1,2,1,1,1,3,2,3,3,3,3,1,1,1,3,1,1,1,1,1,1,3,1,1,3,3,3,1,4,5,2,nah mate,10,1,1,1,10,10,10,1,,,,1,2,2,1,1,2,1,4,2,4,4,1,1,1,5/13/2002,TD11 3GZ,1,,1,,8,,2,,
2,,1,2,4,2,1,1,3,7,3,5,4,5,3,5,2,1,2,5,3,3,1,1,1,6,4,2,1,2,1,1,1,1,1,1,1,1,1,3,3,2,2,2,3,1,1,1,3,2,3,3,3,3,1,2,3,3,1,2,2,2,1,1,2,1,1,2,3,3,3,4,3,4,,,1,10,10,1,1,,10,,,,1,1,1,4,2,2,2,4,2,1,1,2,2,1,2/7/2006,TD2,1,,1,,8,,1,,
2,,2,1,4,2,2,2,2,11,1,2,4,5,5,4,4,4,5,5,2,5,1,4,6,5,9,1,1,2,1,1,1,1,1,2,1,1,1,3,2,2,1,1,1,1,1,1,2,4,3,3,3,3,1,1,3,3,1,1,1,1,1,1,3,1,1,2,3,3,1,3,4,1,,,,10,,,,,,,,,1,1,1,1,1,1,1,4,4,4,3,1,1,2,1/11/2004,DG2 0PE,1,,1,,8,,2,,
2,,1,2,3,2,1,1,3,7,2,2,2,4,3,3,2,2,3,4,3,3,2,4,7,6,9,1,2,2,2,2,1,1,1,1,1,1,1,3,3,2,2,1,1,1,2,1,3,1,2,2,2,2,1,2,2,2,1,1,1,1,1,1,2,1,1,2,2,1,2,4,3,2,,10,,10,10,,,,10,,,,1,2,2,2,2,2,2,4,4,3,2,2,1,2,3/12/1999,DG2 0PR,6,South Africa,1,,8,,2,,
2,,1,1,4,2,2,2,3,8,3,5,5,4,5,5,4,5,4,5,3,4,1,3,9,5,4,2,2,3,3,3,2,1,2,2,2,2,1,2,2,2,2,,1,1,1,1,2,1,3,3,3,3,2,2,3,2,1,1,1,1,1,1,3,1,1,3,3,3,3,3,2,2,,1,1,10,1,1,1,1,10,,,happy,1,2,3,3,2,3,3,4,2,1,1,2,2,1,8/28/2002,EH11 4JB,1,,1,,8,,1,,
2,,1,3,4,3,1,3,2,8,2,5,5,5,5,5,2,3,5,5,2,4,2,5,6,6,6,1,1,1,1,1,1,1,1,1,1,1,1,3,2,1,1,1,1,1,1,1,2,1,1,1,1,1,1,1,1,1,1,1,1,1,1,1,1,1,1,1,1,1,3,5,3,3,no,,,,,,,,10,,,don't know,1,2,3,1,1,1,2,4,4,3,,2,1,1,12/1/2000,EH11 2DG,1,,1,,8,,2,,
2,,2,2,2,3,1,2,3,7,2,5,5,5,5,4,5,5,5,5,2,2,2,5,6,3,9,2,2,3,2,2,1,1,2,2,3,3,2,3,2,1,2,1,2,1,3,1,2,4,3,3,3,3,1,1,3,3,1,1,1,2,1,1,2,1,1,2,3,3,1,4,3,1,,,,,,,,,,,,,1,2,2,2,2,3,3,4,4,3,3,2,2,2,4/22/2003,Eh12 8XL,1,,1,,8,,2,,
2,,1,1,4,2,2,1,3,9,3,2,,,4,1,1,4,2,5,3,2,2,4,7,5,12,1,1,1,1,2,1,1,1,1,1,1,1,3,3,2,3,2,1,1,2,1,3,2,1,1,1,1,2,1,1,2,1,1,1,2,1,1,1,1,2,1,1,3,3,1,3,2,,,,1,1,1,,,,,,,1,3,2,2,3,2,3,3,3,2,2,2,2,3,5/2/2004,G15,1,,1,,8,,2,,
2,,1,1,4,2,2,2,4,8,3,4,3,4,3,4,4,3,3,4,2,3,2,5,8,6,10,2,2,2,2,2,1,1,1,1,1,1,2,2,2,1,2,2,1,1,1,1,2,2,2,2,2,2,2,2,2,2,2,1,2,1,1,1,2,1,1,2,2,2,3,4,3,2,not really,10,1,10,10,1,1,1,10,,,I think my Befriender would help out again,1,2,2,2,2,2,2,3,4,4,1,2,1,2,1/17/2004,G15 7DR,1,,1,,8,,2,,
2,,1,1,4,2,2,2,3,6,3,1,4,1,1,1,1,1,1,5,4,2,3,4,12,6,9,2,2,3,2,3,2,2,1,1,1,1,2,3,3,2,2,2,1,2,2,2,2,1,2,3,2,2,2,3,3,2,3,3,3,2,3,2,1,2,2,2,2,2,4,2,2,4,Sometimes it's hard to shake the feeling there's no point in living,11,1,11,10,1,1,1,1,,,,1,3,4,4,4,4,4,2,1,3,,1,1,2,3/16/2001,G15 8QN,1,,1,,8,,1,,
2,,2,1,2,2,2,2,5,9,1,3,5,3,5,5,3,2,5,5,3,3,2,5,5,6,3,2,2,3,3,2,2,2,1,1,1,2,1,3,3,3,3,3,3,1,1,2,2,2,3,3,3,3,2,2,3,3,1,1,1,2,1,1,3,1,2,3,3,3,3,4,4,4,,,1,10,,,1,,1,,,Keep the groups running it really helps,1,4,4,4,4,4,4,4,4,,2,2,2,1,4/23/1999,G13 2HH,1,,1,,8,,2,,
2,,1,2,4,2,2,2,4,8,1,5,5,2,3,2,4,2,5,5,3,2,2,3,10,5,9,1,2,3,1,2,1,1,1,1,1,1,1,1,1,1,1,2,1,1,1,1,2,2,1,1,2,1,1,1,3,1,1,1,1,1,1,1,1,1,1,1,1,1,1,5,4,1,,10,1,10,1,10,1,10,10,,,,1,2,3,2,2,3,3,3,4,4,3,2,2,2,11/11/2002,KW15 1JJ,1,,1,,8,,1,,
2,,1,1,4,2,2,1,4,10,1,4,3,5,5,5,5,3,5,5,1,4,1,1,4,7,4,1,2,2,2,2,1,1,1,1,1,1,1,2,2,2,1,1,1,1,1,1,2,1,3,3,3,3,1,1,3,3,1,1,1,1,1,1,3,1,1,3,3,3,1,5,5,1,I feel every thing is good,,10,,,,,,,,,,1,1,2,2,2,2,2,4,4,3,1,1,2,1,1/2/2005,KW15 1BF,1,,1,,8,,2,,
2,,2,2,4,3,2,2,4,5,4,1,4,5,2,1,3,1,2,5,4,2,3,11,12,6,9,2,2,3,2,2,1,1,1,3,2,2,1,2,3,,2,2,2,1,2,2,2,3,3,3,2,2,2,3,3,2,2,2,2,3,2,2,2,2,2,2,2,3,4,3,2,5,,10,,10,,,,,10,,,,1,4,3,3,3,2,2,4,4,3,1,2,2,2,5/18/2003,KW15 1UU,1,,1,,8,,1,,
2,,1,1,4,2,2,1,2,8,2,4,5,5,2,4,1,3,3,5,3,1,2,1,4,4,9,1,3,2,1,1,1,1,1,1,1,1,1,2,2,2,1,1,1,1,2,2,2,1,3,3,2,2,1,2,2,3,1,2,,2,1,2,1,1,2,1,2,2,3,2,3,3,"School work and caring can clash, making me stressed",,,10,10,,10,,10,,,,1,2,2,4,4,2,4,1,4,3,3,1,1,2,4/22/2000,KW15 1BP,1,,1,,8,,2,,
2,,1,2,2,3,1,1,2,9,2,5,4,3,3,4,1,1,5,5,3,3,2,1,3,6,10,2,1,2,2,2,1,1,1,1,1,1,1,2,2,1,1,1,1,1,2,1,2,3,3,2,3,3,1,1,3,2,1,1,1,3,1,1,2,1,1,3,3,3,2,3,2,1,,1,,11,11,10,1,,,,,Nothing,1,1,2,2,1,1,1,3,4,,1,3,4,2,10/11/2007,KW17 2SD,2,,1,,8,,1,,
2,,1,3,4,4,1,2,3,11,1,5,2,5,5,5,1,5,5,5,1,5,1,3,4,3,1,1,1,2,1,1,1,1,1,1,1,1,2,2,2,2,1,1,1,1,1,1,2,3,2,2,3,2,1,1,3,3,2,1,1,1,1,2,3,1,1,3,2,2,1,4,3,1,,,,1,,,,,,,,Spend time with friends as he has none at home time because of his brother,1,1,1,1,1,1,1,3,1,1,1,2,1,1,6/11/2004,ML3 8PW,1,,1,,8,,2,,
2,,1,1,1,2,2,1,5,6,3,2,1,5,5,3,4,4,3,3,3,3,2,5,9,3,1,2,2,2,2,2,2,2,1,1,1,1,1,1,1,1,,1,1,2,2,2,2,1,2,2,1,2,1,1,1,1,1,1,1,1,1,1,1,1,1,1,2,2,3,3,3,3,,10,10,10,10,10,10,10,10,,,,2,,,,,,,4,4,1,3,1,2,1,1/2/1999,PA3 4NE,1,,1,,8,,2,,
2,,1,1,4,2,2,3,3,5,3,4,4,5,3,3,4,1,4,5,3,4,2,5,10,7,12,1,3,3,3,2,1,1,1,1,1,1,1,3,1,2,1,1,1,1,1,1,2,1,1,1,1,1,1,3,1,3,2,2,2,1,2,2,2,2,3,2,2,1,2,3,2,2,,10,,,,,,,10,,,,1,4,5,5,5,3,5,3,4,2,,2,2,1,4/28/2000,PA2 8NS,1,,1,,8,,2,,
2,,1,2,3,2,2,2,4,8,3,3,4,5,2,3,1,1,2,5,3,2,2,4,6,4,5,2,2,3,2,3,1,3,3,3,3,2,3,3,3,2,2,2,3,2,3,3,2,3,2,2,2,1,2,2,2,3,2,1,2,3,2,2,1,1,2,1,3,2,4,2,3,5,,1,10,10,,1,,,1,,,School could do more,1,3,2,4,3,3,3,1,4,2,1,2,3,2,10/26/1999,PA6 7NS,1,,1,,8,,2,,
2,,1,2,3,2,2,2,3,6,3,2,5,5,1,5,1,1,1,5,3,2,2,4,15,5,16,1,1,2,1,1,1,1,1,1,1,1,1,1,2,1,1,1,1,1,1,1,2,1,3,3,3,3,1,1,1,3,1,1,1,1,1,2,2,1,1,1,1,1,1,1,1,1,,,,,,,,,,,,,1,2,2,2,2,2,2,4,3,1,1,2,1,2,10/19/2000,,2,,1,,8,,1,,1
2,,1,2,3,2,2,3,3,8,3,2,4,5,2,1,1,1,2,1,4,1,2,4,5,3,2,2,3,3,3,3,2,3,2,1,1,1,1,3,3,3,3,2,1,1,3,3,4,2,3,3,3,3,1,2,3,3,2,2,2,2,2,2,2,2,2,3,3,3,5,3,2,5,,,10,10,10,,10,,10,,,,1,3,2,2,2,3,3,3,4,2,1,2,3,2,8/12/1999,PA3 4LJ,1,,1,,8,,2,,
2,,1,3,4,3,2,2,2,7,2,3,5,1,4,3,5,5,5,5,2,3,2,8,10,6,10,1,1,3,1,2,1,3,1,1,1,1,1,2,1,1,1,1,1,1,1,1,2,3,3,3,2,2,1,3,2,2,1,1,2,1,1,1,2,1,1,2,3,3,4,3,3,3,I am quite stressed sometimes,,,,,,,,,,,,1,4,4,4,3,2,4,2,4,2,2,2,2,2,3/18/2000,PA5 8RZ,1,,1,,8,,2,,
2,,1,2,2,2,2,1,3,3,3,1,4,1,1,4,1,1,1,4,4,1,3,11,13,3,2,2,3,3,3,2,2,3,1,3,2,2,1,2,2,2,2,2,2,1,3,3,3,1,2,2,3,2,3,3,2,2,1,3,3,2,2,2,2,2,3,3,2,2,5,4,2,3,Sleeping is the main problem,1,1,10,1,1,,,1,,,,1,4,3,5,5,4,5,3,4,2,3,2,3,2,7/17/1999,PA3 1DJ,1,,1,,8,,2,,
2,,1,1,1,2,2,1,5,9,2,2,5,5,4,2,3,1,3,5,1,3,2,9,15,4,11,2,1,3,3,1,1,1,2,1,1,1,1,2,3,1,1,1,1,1,2,2,2,1,2,2,2,2,2,2,2,2,2,2,2,2,2,2,2,2,2,2,2,2,1,4,1,2,,,,10,10,,10,,10,,,,1,2,3,4,3,4,4,4,4,2,,2,1,1,12/6/1999,,1,,1,,8,,1,,1
2,,1,3,4,2,2,3,3,9,2,4,5,5,5,4,5,5,5,5,2,4,1,5,7,5,14,2,1,2,3,2,1,1,1,1,1,1,1,2,1,2,1,2,2,1,1,1,2,1,2,2,2,3,1,1,2,2,1,1,1,1,1,1,3,1,1,2,3,3,1,5,5,1,Fan dabby doesey!,,1,10,10,,10,,,,,Nothing,1,1,2,2,2,2,1,4,1,2,2,2,3,1,1/4/2003,PA3 3ST,1,,1,,8,,2,,
2,,1,1,2,2,2,1,2,9,2,5,5,5,5,4,4,4,5,5,1,4,2,3,5,6,6,2,1,3,2,2,1,1,1,2,1,1,2,3,3,3,1,1,2,1,2,2,2,3,3,3,3,3,1,1,2,3,1,1,1,1,1,1,3,1,1,2,2,3,2,4,4,1,no,10,10,10,10,10,10,10,10,,,nothing,1,2,1,5,1,2,1,4,2,4,1,1,1,1,2/3/2002,PA3 4SL,1,,1,,8,,2,,
2,,1,2,4,4,2,4,3,11,3,5,5,5,5,5,2,5,5,5,1,4,1,3,4,6,4,1,1,3,3,2,1,1,1,1,1,1,1,3,3,3,1,1,1,1,2,2,2,2,2,3,3,3,1,1,3,2,1,1,1,2,1,1,3,1,1,3,3,3,1,3,1,1,No,,10,10,10,1,1,,10,,,none,1,2,2,4,2,4,1,4,4,4,4,2,1,1,1/22/2004,PA3 1DJ,1,,1,,8,,1,,
2,,1,1,1,3,2,2,3,7,1,2,5,4,3,5,5,5,4,5,3,5,1,1,2,4,1,2,1,2,3,2,3,3,1,1,1,1,1,1,2,1,1,3,2,3,2,3,2,3,3,3,3,3,3,2,3,3,2,1,2,2,1,1,3,1,1,2,3,3,4,5,1,3,"no, I don't",1,1,10,1,1,1,1,1,,,I cope well,1,1,1,1,1,1,1,4,4,3,1,1,1,2,4/13/2005,PA3 1AF,1,,1,,8,,2,,
2,,1,3,2,2,1,1,4,3,1,2,3,1,1,1,1,1,1,3,4,1,3,11,15,3,6,4,2,3,3,3,1,3,2,2,2,2,1,3,3,1,2,2,1,3,3,3,2,2,2,2,2,1,2,3,3,3,2,2,2,2,2,2,1,2,1,1,3,2,3,2,1,4,No,10,,10,10,10,,,10,,,???,1,4,4,3,4,4,5,1,2,1,2,2,1,2,9/18/2002,PA4 8AG,1,,1,,8,,2,,
2,,1,3,4,2,2,4,3,6,2,4,3,5,4,1,4,4,5,5,3,4,2,5,,5,8,1,2,2,3,2,1,1,1,2,,1,,2,2,1,2,,2,2,3,3,3,2,2,2,1,,1,1,2,1,2,1,2,1,1,1,1,1,1,2,2,2,3,2,1,3,Sometimes I can cope sometimes I cant and when I cant I get angry and irritated,1,10,10,10,10,10,1,10,10,Family,,1,4,3,4,5,5,4,4,4,3,3,3,2,2,12/8/2005,PA3 2LS,1,,1,,8,,3,,
2,,2,1,3,2,2,1,5,9,1,4,4,5,5,1,5,5,4,5,3,5,2,5,7,6,13,1,2,1,2,1,1,1,1,1,1,1,1,1,1,1,1,1,1,1,1,2,2,2,2,1,1,2,1,1,2,1,1,1,1,1,1,1,2,1,1,2,2,2,3,4,3,1,,10,,10,,,,,,,,not much,1,1,3,3,3,3,4,4,4,1,1,2,2,1,7/21/2004,PA5 9HD,1,,1,,8,,2,,
2,,1,1,3,2,2,1,3,9,2,4,3,3,3,4,2,4,4,5,3,3,2,6,7,6,6,1,1,2,1,2,1,1,1,1,1,1,1,3,1,1,2,1,1,1,1,1,2,2,2,2,2,2,1,2,2,2,1,2,2,1,1,1,2,1,1,1,2,2,2,3,3,2,,,1,10,,,1,,,,,,1,2,2,3,2,3,3,4,4,2,1,2,2,2,5/13/2002,PA3 4BJ,1,,1,,8,,2,,
2,,1,2,2,2,2,2,4,9,2,4,5,5,5,5,5,3,5,5,1,4,2,8,12,5,11,1,2,2,2,2,1,1,1,1,1,1,1,1,2,1,2,1,1,1,1,1,2,1,2,3,2,2,1,1,2,3,1,1,1,1,1,1,3,1,1,2,3,3,5,5,3,3,My home situation made attending school difficult and it has taken me a bit longer to get into a routine,,,,,,,,,,,,2,,,,,,,4,4,4,4,2,3,1,19-Mar-00,EH42 1AD,1,,1,,8,,2,,
2,,1,1,1,2,2,1,4,8,1,5,5,5,5,5,4,3,5,5,1,3,2,9,9,7,14,1,2,2,2,1,1,1,1,1,1,1,1,1,1,1,2,1,1,1,1,1,2,1,2,2,2,2,1,1,1,2,1,1,1,1,1,1,2,1,1,2,2,2,1,4,4,1,no,,,,,,,,,10,BRIDGES PROJECT,,2,,,,,,,4,4,4,4,1,1,1,1/12/2001,,1,,1,,8,,2,,1
2,,2,1,1,2,2,2,3,6,3,5,5,5,5,5,4,4,5,5,3,3,2,5,7,5,10,2,2,3,2,1,1,1,1,1,1,1,1,2,2,1,2,1,1,1,2,1,2,4,2,2,2,2,1,2,2,2,1,1,2,2,2,1,2,1,2,2,2,2,1,3,3,3,,,,,,,,,10,1,BRIDGES PROJECT,,1,2,2,2,2,2,2,4,4,,3,2,1,1,12/29/2000,EH32 9BN,1,,1,,8,,2,,
2,,2,3,3,2,2,1,4,10,2,5,5,5,4,4,2,5,4,5,2,3,2,2,5,4,4,1,1,3,2,3,1,1,1,3,3,3,2,3,2,3,1,3,3,1,1,1,2,3,2,2,2,2,1,2,2,2,1,1,2,1,1,,3,1,1,2,2,2,3,4,1,4,,10,,10,,,,,10,,,,2,,,,,,,4,4,1,,2,2,2,10/30/1998,EH34 5BD,1,,1,,8,,1,,
2,,1,1,3,2,2,1,4,7,3,2,3,4,2,1,3,1,4,5,3,4,2,2,11,3,12,2,3,3,3,2,1,1,1,2,2,1,2,3,3,3,2,2,3,1,1,1,2,1,2,3,1,2,2,3,1,1,1,2,1,1,1,1,3,1,1,3,3,3,2,3,4,1,,1,1,,,,1,,,,,,2,,,,,,,4,3,2,1,2,1,1,10/19/1995,EH39 5BE,2,,1,,8,,1,,
2,,1,3,2,2,2,1,3,6,2,2,3,4,1,1,1,2,2,4,4,1,3,8,15,5,11,2,2,3,3,2,1,2,1,1,1,1,1,1,2,2,3,3,3,1,2,3,2,1,3,3,1,2,3,3,2,1,2,3,3,2,2,2,3,2,2,2,3,3,4,1,3,5,,10,,10,10,10,,,10,,,,1,2,2,3,2,4,3,4,4,3,2,2,2,2,15th February 1999,EH21 8BT,1,,1,,8,,2,,
2,,2,3,4,4,1,2,3,9,2,5,4,1,5,,5,4,5,5,3,4,2,1,3,5,7,1,2,2,2,2,1,1,1,1,1,1,1,2,2,1,1,1,1,2,2,2,3,3,2,2,2,3,1,1,2,2,1,1,1,1,1,1,3,1,1,3,3,3,,,,,,,,,,,,,,,,,,,,,,,,,,,,,,,,,,,,,,,,1,1
2,,1,3,4,4,1,4,5,4,1,5,5,5,5,4,4,5,5,5,,1,3,1,6,4,1,1,2,3,3,1,1,1,1,2,2,1,1,3,3,1,1,3,2,1,3,2,3,3,3,2,3,1,1,1,2,,,,,,,,,,,,,,,,,,,,,,,,,,,,,,,,,,,,,,,,,,,,,,,,,,,,,1,1
2,,2,2,2,2,2,1,3,7,2,5,5,5,4,1,1,2,4,5,3,2,2,2,5,6,6,2,1,2,2,1,1,1,1,1,1,1,1,2,3,2,1,2,1,3,1,1,3,2,3,3,2,1,3,2,3,2,2,2,1,2,2,2,1,2,1,1,2,1,2,1,1,4,I feel really upset when I look at my mum because I have to care for her!,,,,,,,,,,,,,,,,,,,,,,,,,,,,,,,,,,,1,1
2,,1,3,4,4,1,1,5,5,3,2,2,3,1,2,2,1,3,2,3,2,3,9,13,7,8,2,2,2,3,1,3,1,1,2,1,1,2,3,2,1,3,3,3,,2,2,2,2,3,2,3,1,3,3,1,2,1,2,,,,,,,3,1,2,1,,,,,,,,,,,,,,,,,,,,,,,,,,,,,,,,,,,,,,,,1,1
2,,1,1,2,2,2,2,4,5,3,1,2,5,1,2,2,1,4,5,,3,3,11,15,5,8,,2,2,3,2,2,1,1,2,3,3,2,2,3,2,3,3,2,1,1,1,2,1,2,2,2,2,2,3,2,3,2,3,2,1,1,2,2,1,1,2,2,2,5,3,2,5,,,,11,,,,,,,,,2,,,,,,,2,4,3,,1,1,,,,,,,,8,,1,1,1
2,,1,2,4,2,2,1,3,8,2,5,5,3,3,4,5,2,5,5,,,,,,,,,,,,,,,,,,,,,,,,,,,,,,,,,,,,,,,,,,,,,,,,,,,,,,,,,,,,,,,,,,,,,,,,,,,,,,,,,,,,,,,,,,1,1
2,,2,3,4,2,1,3,3,9,1,4,5,5,5,5,5,5,5,5,,3,1,4,11,7,13,1,,,,,,,,,,,,,,,,,,,,,,,,,,,,,,,,,,,,,,,,,,,1,4,3,1,,,,,,,,,,,,,1,2,2,2,2,2,2,2,1,1,1,3,4,1,6/30/2002,DG2 8LU,1,,1,,,,2,,
2,,1,3,2,2,2,1,3,10,2,5,5,5,3,4,5,5,5,5,3,3,2,5,11,5,12,1,1,1,2,2,1,1,,1,1,1,1,1,1,1,1,1,1,1,1,1,2,1,,,,,,3,,,,3,,,,,,,,,,,3,2,2,3,,,,11,,,,,11,,,,,,,,,,,,,,,,,2,,,1,,1,,8,,2,1,1
2,,2,1,4,2,2,2,,8,2,5,5,5,5,4,5,5,5,5,2,4,2,2,4,,,,,,,,,,2,1,1,1,1,2,3,1,1,1,1,3,3,3,2,3,,,,,,,,,,,,,,,,,,,,,2,4,3,3,,,,,,,,,,,,,1,2,2,2,2,2,2,,,,,,,2,13.09.01,DG2 9NR,2,,1,,,,,1,1
2,,1,2,2,3,1,2,3,9,2,4,4,4,4,3,4,4,4,,3,5,2,1,3,7,6,2,1,2,2,2,1,1,2,2,2,2,,,,1,1,1,1,1,2,1,2,4,2,3,3,2,,2,3,,1,1,1,2,1,3,,1,1,2,3,2,3,3,3,1,Sometimes its quiet hard but normally its really good!,,,10,,,,,,,,if my brother did not have autism,,,,,,,,,,,,,,,,,,,,,,,,1,1
2,,2,1,2,,,2,1,,2,1,,,,,,,,,1,1,1,3,4,3,6,1,3,,,,,,,,,,,3,,,,,,,,,4,1,3,,,,,,,,,,,,,,,,,,,,3,,,,,10,,,,,,,,,,,,4,2,,,,,,,,,,,1,,,1,,1,,8,,1,1,1
2,,1,3,4,4,1,3,3,8,3,1,2,5,1,3,4,1,2,3,4,3,2,2,2,3,2,2,2,2,3,2,1,1,3,2,1,1,2,3,2,2,1,2,2,1,1,1,2,3,3,3,2,2,2,2,3,3,1,2,2,3,2,1,3,1,1,2,3,3,3,2,3,2,I tend to read or listen to music it calms me,10,1,10,10,1,1,1,10,,,,1,2,3,3,2,1,1,4,4,1,1,1,1,2,12th August 2002,KW17 2NA,1,,1,,8,,3,,
2,,1,1,4,2,2,1,3,9,2,3,4,4,5,2,4,5,5,5,2,4,1,2,4,3,11,2,2,3,2,3,1,1,1,1,1,1,1,2,2,1,2,2,3,1,2,3,2,4,3,3,3,2,2,3,2,3,1,1,1,2,1,1,3,1,1,2,3,3,1,2,3,2,,,,11,,,,,,,,If more people and my friends understood what a young carer is,1,2,3,3,2,2,2,2,4,2,1,1,1,2,4/2/2003,EH4 2QW,1,,1,,8,,2,,
2,,1,2,2,3,2,2,3,9,1,5,5,5,5,5,5,5,5,5,2,4,1,2,4,4,10,1,2,2,2,2,1,1,2,1,1,1,1,2,2,1,2,1,1,1,2,2,3,2,3,3,3,3,1,1,2,2,1,1,1,1,1,1,2,1,1,2,2,2,2,4,3,3,"Sometimes my hormones end up taking control and I get easily set off. because being a teenager means coping with it, I just deal with it",1,1,10,1,1,1,1,10,1,,,1,1,1,2,1,2,3,3,4,3,1,3,3,2,6/20/2003,G20 6PL,1,,1,,5,,2,,
2,,1,1,3,2,2,1,4,8,2,4,3,4,2,1,3,2,5,2,4,3,3,10,13,5,8,2,1,3,3,1,1,1,2,1,1,1,1,2,2,1,1,1,1,1,3,3,2,1,3,3,3,3,2,2,3,3,1,2,1,1,1,1,2,1,1,3,3,3,5,2,1,4,,,,11,,,,,,,,Being able to get involved in things I really want to but currently cannot.,1,3,1,3,2,3,4,4,4,1,1,2,1,2,10/29/1999,G4 0XF,6,Malawi,1,,2,,2,,
2,,2,2,4,3,2,1,4,7,4,2,2,1,1,4,2,1,3,2,3,1,3,10,15,7,10,1,2,2,2,2,1,1,1,1,1,1,2,2,2,1,2,1,1,1,2,2,2,4,2,2,2,1,2,2,2,2,1,2,2,2,1,2,2,1,1,2,3,3,3,1,2,3,Nope.,10,10,1,1,10,10,10,10,,,Nothing.,1,4,3,3,5,4,5,4,3,1,4,2,1,1,1/18/2001,G20 7QF,1,,1,,8,,2,,
