location,ID,Folder,Image_name,Repeat measure?,Year taken,DOB,Age at photo,Sex,width,height,fHWR,Notes,A,B,C,D,E,F,G
Edinburgh,Cindy,Edinburgh New,Cindy P1040453.tem,N,2009,01/01/1964,45,0,285,214,1.331775701,,,,,,,,
Edinburgh,Cindy,Edinburgh New,Cindy P1120886.tem,N,2010,01/01/1964,46,0,504,317,1.589905363,,,,,,,,
Edinburgh,Cindy,Edinburgh New,Cindy May 2011RT.tem,N,2011,01/01/1964,47,0,716,526,1.36121673,,,,,,,,
Edinburgh,Cindy,Edinburgh New,Cindy May 2012RT.tem,N,2012,01/01/1964,48,0,666,450,1.48,,,,,,,,
Edinburgh,Cindy,Edinburgh New,Cindy Feb 2013RT.tem,N,2013,01/01/1964,49,0,622,404,1.53960396,,,,,,,,
Edinburgh,Cindy,Edinburgh New,Cindy Sept2013JN.tem,N,2013,01/01/1964,49,0,395,243,1.625514403,,,,,,,,
Edinburgh,David,Edinburgh New,David P1010077.tem,N,2008,02/03/1975,33,1,375,227,1.651982379,,"1529, 540","1579, 895","1459, 593","1599, 567","1389, 610","1665, 564","1562, 810"
Edinburgh,David,Edinburgh New,David.tem,Y,2010,02/03/1975,35,1,164,107,1.53271028,,,,,,,,
Edinburgh,David,Edinburgh New,Edinburgh - David 3.tem,Y,2010,02/03/1975,35,1,374,243,1.53909465,,,,,,,,
Edinburgh,David,Edinburgh New,David May2012RT.tem,N,2012,02/03/1975,37,1,919,568,1.617957746,,,,,,,,
Edinburgh,David,Edinburgh New,David P1020273.tem,N,2012,02/03/1975,37,1,327,172,1.901162791,,,,,,,,
Edinburgh,David,Vanessa photos 27.11.13,David,N,2013,02/03/1975,38,1,649,335,1.937313433,,,,,,,,
Edinburgh,Edith,Edinburgh New,Holland - Edith 1.JPG,N,2010,11/04/1996,14,0,519,323,1.606811146,,"1922, 598","1900, 1178","1798, 638","2022, 654","1722, 622","2096, 682","1898, 1008"
Edinburgh,Edith,Edinburgh New,Holland - Paul (left) and Edith (right).JPG,N,2010,11/04/1996,14,0,273,163,1.674846626,,"2311, 217","2327, 500","2255, 246","2370, 242","2203, 257","2421, 253","2320, 422"
Edinburgh,Edith,Edinburgh New,EdithApril2011.jpg,N,2011,11/04/1996,15,0,93,61,1.524590164,,,,,,,,
Edinburgh,Edith,Vanessa photos 27.11.13 -Edith,2013-11-27 15.06.59.jpg,N,2013,11/04/1996,17,0,507,257,1.972762646,,,,,,,,
Edinburgh,Edith,Vanessa photos 27.11.13 -Edith,2013-11-27 15.10.56.jpg,N,2013,11/04/1996,17,0,N/A,N/A,N/A,,X,,,,,,
Edinburgh,Edith,Vanessa photos 27.11.13 -Edith,2013-11-27 15.11.46-1.jpg,N,2013,11/04/1996,17,0,N/A,N/A,N/A,,X,,,,,,
Edinburgh,Edith,Vanessa photos 27.11.13 -Edith,2013-11-27 15.11.46-2.jpg,N,2013,11/04/1996,17,0,N/A,N/A,N/A,,X,,,,,,
Edinburgh,Edith,Vanessa photos 27.11.13 -Edith,2013-11-27 15.12.02-1.jpg,N,2013,11/04/1996,17,0,765,432,1.770833333,,"1058, 354","1088, 1260","924, 462","1240, 466","742, 518","1422, 512","1068, 926"
Edinburgh,Edith,Vanessa photos 27.11.13 -Edith,2013-11-27 15.12.02-2.jpg,N,2013,11/04/1996,17,0,763,440,1.734090909,,,,,,,,
Edinburgh,Edith,Vanessa photos 27.11.13 -Edith,2013-11-27 15.12.02-3.jpg,N,2013,11/04/1996,17,0,755,441,1.712018141,,,,,,,,
Edinburgh,Edith,Vanessa photos 27.11.13 -Edith,2013-11-27 15.12.03.jpg,N,2013,11/04/1996,17,0,765,402,1.902985075,,,,,,,,
Edinburgh,Edith,Vanessa photos 27.11.13 -Edith,2013-11-27 15.12.04.jpg,N,2013,11/04/1996,17,0,799,416,1.920673077,,,,,,,,
Edinburgh,Emma,Edinburgh New,Edinburgh - Emma 1.tem,Y,2008,15/08/1981,27,0,102,65,1.569230769,,,,,,,,
Edinburgh,Emma,Edinburgh New,Emma P1010080.JPG,Y,2008,15/08/1981,27,0,330,222,1.486486486,,,,,,,,
Edinburgh,Emma,Edinburgh New,Edinburgh - Emma 2.tem,Y,2010,15/08/1981,29,0,348,251,1.386454183,,,,,,,,
Edinburgh,Emma,Edinburgh New,Emma.JPG,Y,2010,15/08/1981,29,0,152,123,1.235772358,,,,,,,,
Edinburgh,Emma,Edinburgh New,Emma Sept 2013JN.jpg,N,2013,15/08/1981,32,0,N/A,N/A,N/A,,,,,,,,
Edinburgh,Eva,Edinburgh New,Holland - Eva 1.JPG,N,2010,09/12/1980,30,0,165,117,1.41025641,,,,,,,,
Edinburgh,Eva,Edinburgh New,Holland - Eva 2.JPG,N,2010,09/12/1980,30,0,198,130,1.523076923,,,,,,,,
Edinburgh,Eva,Edinburgh New,Evaapril2011.jpg,N,2011,09/12/1980,31,0,81,49,1.653061224,,,,,,,,
Edinburgh,Eva,Roslyn photos,Eva 04.2012.JPG,N,2012,09/12/1980,32,0,544,353,1.541076487,,,,,,,,
Edinburgh,Eva,Edinburgh New,Eva Sept2013JN.jpg,N,2013,09/12/1980,33,0,180,124,1.451612903,,,,,,,,
Edinburgh,Eva,Vanessa photos 27.11.13 -Eva,2013-11-27 14.41.41,N,2013,09/12/1980,33,0,N/A,N/A,N/A,,,,,,,,
Edinburgh,Eva,Vanessa photos 27.11.13 -Eva,2013-11-27 14.41.42,N,2013,09/12/1980,33,0,N/A,N/A,N/A,,,,,,,,
Edinburgh,Eva,Vanessa photos 27.11.13 -Eva,2013-11-27 14.41.43,N,2013,09/12/1980,33,0,N/A,N/A,N/A,,,,,,,,
Edinburgh,Frek,Edinburgh New,Frek2010.jpg,N,2010,21/10/1993,17,1,N/A,N/A,N/A,,,,,,,,
Edinburgh,Frek,Edinburgh New,Holland - Frek 1.JPG,N,2010,21/10/1993,17,1,271,197,1.375634518,,"1167, 1003","1114, 1321","1110, 1031","1232, 1048","1044, 1039","1301, 1074","1115, 1251"
Edinburgh,Frek,Edinburgh New,Holland - Frek 2.JPG,N,2010,21/10/1993,17,1,377,258,1.46124031,,,,,,,,
Edinburgh,Frek,Edinburgh New,Frek June 2012RT.JPG,N,2012,21/10/1993,19,1,469,325,1.443076923,,,,,,,,
Edinburgh,Frek,Vanessa photos 27.11.13 -Frek,2013-11-27 14.30.04,N,2013,21/10/1993,20,1,N/A,N/A,N/A,,,,,,,,
Edinburgh,Frek,Vanessa photos 27.11.13 -Frek,2013-11-27 14.30.33,N,2013,21/10/1993,20,1,678,532,1.27443609,,,,,,,,
Edinburgh,Frek,Vanessa photos 27.11.13 -Frek,2013-11-27 14.30.59,N,2013,21/10/1993,20,1,650,518,1.254826255,,,,,,,,
Edinburgh,Heleen,Edinburgh New,Heleen2010.jpg,N,2010,16/04/1991,19,0,94,70,1.342857143,,,,,,,,
Edinburgh,Heleen,Edinburgh New,Holland - Heleen 1.JPG,N,2010,16/04/1991,19,0,231,151,1.529801325,,,,,,,,
Edinburgh,Heleen,Vanessa photos 27.11.14,Heleen,N,2013,16/04/1991,22,0,468,276,1.695652174,,,,,,,,
Edinburgh,Kilimi,Edinburgh New,Edinburgh - Kilimi 1 2.tem,Y,2009,20/02/1993,16,0,243,156,1.557692308,,,,,,,,
Edinburgh,Kilimi,Edinburgh New,Edinburgh - Kilimi 2.tem,N,2009,20/02/1993,16,0,267,148,1.804054054,,,,,,,,
Edinburgh,Kilimi,Edinburgh New,Kilimi (small).JPG,Y,2009,20/02/1993,16,0,125,77,1.623376623,,,,,,,,
Edinburgh,Kilimi,Edinburgh New,Edinburgh - Kilimi 3.tem,N,2010,20/02/1993,17,0,599,373,1.605898123,,,,,,,,
Edinburgh,Kilimi,Edinburgh New,Kilimi face P1120510.JPG,N,2010,20/02/1993,17,0,548,365,1.501369863,,,,,,,,
Edinburgh,Kilimi,Edinburgh New,kilimi oct2013b.JPG,N,2013,20/02/1993,20,0,329,193,1.704663212,,"412.7, 354","488, 707.3","343.3, 390.7","493.3, 369.3","302, 416","534, 375.3","459.3, 596.7"
Edinburgh,Kilimi,Vanessa photos 27.11.13 -Kilimi,2013-11-27 13.39.19,N,2013,20/02/1993,20,0,648,347,1.867435159,,,,,,,,
Edinburgh,Kilimi,Vanessa photos 27.11.13 -Kilimi,2013-11-27 13.39.22-1,N,2013,20/02/1993,20,0,623,325,1.916923077,,,,,,,,
Edinburgh,Kilimi,Vanessa photos 27.11.13 -Kilimi,2013-11-27 13.39.22-2,N,2013,20/02/1993,20,0,659,351,1.877492877,,,,,,,,
Edinburgh,Kilimi,Vanessa photos 27.11.13 -Kilimi,2013-11-27 13.39.24,N,2013,20/02/1993,20,0,632,333,1.897897898,,,,,,,,
Edinburgh,Kindia,Edinburgh New,Edinburgh - Kindia 2.jpg,Y,2009,05/02/1997,12,1,612,420,1.457142857,,,,,,,,
Edinburgh,Kindia,Edinburgh New,Kindia (small).JPG,N,2009,05/02/1997,12,1,597,408,1.463235294,,,,,,,,
Edinburgh,Kindia,Edinburgh New,Kindia1.JPG,Y,2009,05/02/1997,12,1,607,401,1.513715711,,,,,,,,
Edinburgh,Kindia,Edinburgh New,Edinburgh - Kinda (left) and Qafzeh (middle).tem,N,2010,05/02/1997,13,1,325,239,1.359832636,,,,,,,,
Edinburgh,Kindia,Edinburgh New,Kindia OK.JPG,N,2010,05/02/1997,13,1,160,118,1.355932203,,,,,,,,
Edinburgh,Kindia,Edinburgh New,Kindia Feb 2013RT.JPG,N,2013,05/02/1997,16,1,N/A,N/A,N/A,,,,,,,,
Edinburgh,Kindia,Vanessa photos 27.11.13 -Kindia,2013-11-27 14.27.38-1,N,2013,05/02/1997,16,1,513,388,1.322164948,,,,,,,,
Edinburgh,Kindia,Vanessa photos 27.11.13 -Kindia,2013-11-27 14.27.38-3,N,2013,05/02/1997,16,1,524,366,1.431693989,,,,,,,,
Edinburgh,Kindia,Vanessa photos 27.11.13 -Kindia,2013-11-27 14.28.00,N,2013,05/02/1997,16,1,661,641,1.031201248,,,,,,,,
Edinburgh,Kindia,Vanessa photos 27.11.13 -Kindia,2013-11-27 14.28.03,N,2013,05/02/1997,16,1,686,503,1.363817097,,,,,,,,
Edinburgh,Lianne,Edinburgh New,Holland - Lianne 1.JPG,N,2010,14/02/1989,21,0,680,414,1.642512077,,,,,,,,
Edinburgh,Lianne,Edinburgh New,Holland - Lianne 2.JPG,N,2012,14/02/1989,23,0,309,203,1.522167488,,,,,,,,
Edinburgh,Lianne,Roslyn photos,Lianne 06.2012.JPG,N,2012,14/02/1989,23,0,816,549,1.486338798,,,,,,,,
Edinburgh,Lianne,Edinburgh New,Lianne.jpg,N,2013,14/02/1989,24,0,N/A,N/A,N/A,,,,,,,,
Edinburgh,Lianne,Vanessa photos 27.11.13 -Lianne,2013-11-27 14.22.23-2,N,2013,14/02/1989,24,0,544,414,1.314009662,,,,,,,,
Edinburgh,Lianne,Vanessa photos 27.11.13 -Lianne,2013-11-27 14.22.23-3,N,2013,14/02/1989,24,0,564,420,1.342857143,,,,,,,,
Edinburgh,Lianne,Vanessa photos 27.11.13 -Lianne,2013-11-27 14.22.24-1,N,2013,14/02/1989,24,0,538,395,1.362025316,,"990, 366","1021.5, 1033.5","870, 450","1108.5, 450","736.5, 501","1216.5, 486","1017, 874.5"
Edinburgh,Lianne,Vanessa photos 27.11.13 -Lianne,2013-11-27 14.22.24-2,N,2013,14/02/1989,24,0,N/A,N/A,N/A,,,,,,,,
Edinburgh,Lianne,Vanessa photos 27.11.13 -Lianne,2013-11-27 14.56.34,N,2013,14/02/1989,24,0,454,245,1.853061224,,"1145, 424","1148, 940","1059, 504","1251, 500","952, 526","1337, 525","1158, 767"
Edinburgh,Lianne,Vanessa photos 27.11.13 -Lianne,2013-11-27 14.56.41-1,N,2013,14/02/1989,24,0,N/A,N/A,N/A,,,,,,,,
Edinburgh,Lianne,Vanessa photos 27.11.13 -Lianne,2013-11-27 14.56.41-2,N,2013,14/02/1989,24,0,N/A,N/A,N/A,,,,,,,,
Edinburgh,Liberius,Edinburgh New,Liberius P1000774.JPG,N,2008,20/01/1999,9,1,386,241,1.601659751,,,,,,,,
Edinburgh,Liberius,Edinburgh New,Liberius P1050438.JPG,N,2009,20/01/1999,10,1,927,661,1.402420575,,,,,,,,
Edinburgh,Liberius,Edinburgh New,Liberius P1050439.JPG,N,2009,20/01/1999,10,1,889,681,1.305433186,,,,,,,,
Edinburgh,Liberius,Edinburgh New,Liberius P1050441.JPG,N,2009,20/01/1999,10,1,941,709,1.327221439,,,,,,,,
Edinburgh,Liberius,Edinburgh New,Liberius P1050446.JPG,N,2009,20/01/1999,10,1,918,697,1.317073171,,,,,,,,
Edinburgh,Liberius,Edinburgh New,Liberius P1050449.JPG,N,2009,20/01/1999,10,1,962,632,1.522151899,,,,,,,,
Edinburgh,Liberius,Edinburgh New,Edinburgh - Liberius 4.JPG,N,2010,20/01/1999,11,1,399,283,1.409893993,,,,,,,,
Edinburgh,Liberius,Edinburgh New,Liberius.JPG,N,2010,20/01/1999,11,1,173,116,1.49137931,,"138.5, 114","156, 281.5","107, 137","174, 131.5","81.5, 144","201, 133.5","155.5, 252.5"
Edinburgh,Liberius,Katie photos,Liberius 1.jpg,N,2012,20/01/1999,13,1,479,350,1.368571429,,,,,,,,
Edinburgh,Liberius,Roslyn photos,Liberius 01.2012.jpg,N,2012,20/01/1999,13,1,517,357,1.448179272,,,,,,,,
Edinburgh,Louis,Edinburgh New,Edinburgh - Louis 2.JPG,N,2008,01/01/1973,35,1,345,231,1.493506494,,,,,,,,
Edinburgh,Louis,Edinburgh New,Edinburgh - Louis 1 (a bit fuzzy).JPG,N,2008,01/01/1973,35,1,400,220,1.818181818,,,,,,,,
Edinburgh,Louis,Edinburgh New,Louis (small).JPG,N,2009,01/01/1973,36,1,310,198,1.565656566,,,,,,,,
Edinburgh,Louis,Edinburgh New,Louis P1020290.JPG,N,2009,01/01/1973,36,1,470,247,1.902834008,,"1977, 302","1739, 752","1889, 354","2058, 367","1813, 374","2157, 398","1935, 615"
Edinburgh,Louis,Edinburgh New,Louis2.JPG,N,2009,01/01/1973,36,1,458,309,1.482200647,,,,,,,,
Edinburgh,Louis,Edinburgh New,Louis (from Alaina).JPG,N,2010,01/01/1973,37,1,191,96,1.989583333,,,,,,,,
Edinburgh,Louis,Roslyn photos,Louis body id 2012.JPG,N,2012,01/01/1973,39,1,362,229,1.580786026,,,,,,,,
Edinburgh,Louis,Vanessa photos 27.11.13 -Louis,2013-11-27 14.18.48,N,2013,01/01/1973,40,1,816,534,1.528089888,,,,,,,,
Edinburgh,Louis,Vanessa photos 27.11.13 -Louis,Louis,N,2013,01/01/1973,40,1,242,172,1.406976744,,,,,,,,
Edinburgh,Lucy,Edinburgh New,Lucy P1000312.JPG,N,2008,11/11/1976,32,0,363,240,1.5125,,,,,,,,
Edinburgh,Lucy,Edinburgh New,Edinburgh - Lucy 2.JPG,N,2009,11/11/1976,33,0,379,234,1.61965812,,"2218, 658","2300, 1066","2148, 713","2303, 691","2058, 752","2391, 706","2278, 936"
Edinburgh,Lucy,Edinburgh New,Edinburgh - Lucy 1.JPG,N,2010,11/11/1976,34,0,89,58,1.534482759,,,,,,,,
Edinburgh,Lucy,Edinburgh New,Lucy 2010 (pic by Sarah Romer).JPG,N,2010,11/11/1976,34,0,1714,1185,1.446413502,,,,,,,,
Edinburgh,Lucy,Roslyn photos,Lucy 04.2012.JPG,N,2012,11/11/1976,36,0,434,262,1.65648855,,,,,,,,
Edinburgh,Lucy,Roslyn photos,Lucy 06.2012.JPG,N,2012,11/11/1976,36,0,612,386,1.585492228,,,,,,,,
Edinburgh,Lyndsey,Roslyn photos,Lyndsey 09.2012.JPG,Y,2011,24/12/1983,28,0,586,322,1.819875776,,,,,,,,
Edinburgh,Lyndsey,Roslyn photos,Lyndsey face id 2012.JPG,Y,2011,24/12/1983,28,0,596,331,1.80060423,,,,,,,,
Edinburgh,Paul,Edinburgh New,Holland - Paul (left) and Edith (right).JPG,N,2010,08/05/1993,17,1,351,228,1.539473684,,"1596, 689","1570, 1035","1532, 723","1658, 735","1445, 733","1730, 756","1579, 963"
Edinburgh,Paul,Edinburgh New,Holland - Paul (left) and Rene (right).JPG,N,2010,08/05/1993,17,1,381,245,1.555102041,,,,,,,,
Edinburgh,Paul,Edinburgh New,Holland - Paul 1.JPG,N,2010,08/05/1993,17,1,254,160,1.5875,,,,,,,,
Edinburgh,Paul,Roslyn photos,Paul 04.2012.JPG,N,2012,08/05/1993,19,1,850,588,1.445578231,,,,,,,,
Edinburgh,Paul,Vanessa photos 27.11.13 -Paul,2013-11-27 14.11.59,N,2013,08/05/1993,20,1,483,358,1.349162011,,,,,,,,
Edinburgh,Paul,Vanessa photos 27.11.13 -Paul,2013-11-27 14.12.02,N,2013,08/05/1993,20,1,564,413,1.365617433,,,,,,,,
Edinburgh,Paul,Vanessa photos 27.11.13 -Paul,2013-11-27 14.12.06,N,2013,08/05/1993,20,1,575,420,1.369047619,,,,,,,,
Edinburgh,Paul,Vanessa photos 27.11.13 -Paul,2013-11-27 14.12.13,N,2013,08/05/1993,20,1,572,414,1.381642512,,"1106, 496","1090, 1164","984, 570","1242, 576","842, 604","1348, 602","1068, 998"
Edinburgh,Paul,Vanessa photos 27.11.13 -Paul,2013-11-27 14.12.14,N,2013,08/05/1993,20,1,634,416,1.524038462,,,,,,,,
Edinburgh,Paul,Vanessa photos 27.11.13 -Paul,2013-11-27 14.12.15,N,2013,08/05/1993,20,1,622,427,1.456674473,,,,,,,,
Edinburgh,Pearl,Edinburgh New,Pearl2010.jpg,N,2010,13/03/1969,41,0,68,36,1.888888889,,,,,,,,
Edinburgh,Pearl,Edinburgh New,Holland - Pearl 2.JPG,N,2012,13/03/1969,43,0,488,274,1.781021898,,,,,,,,
Edinburgh,Pearl,Roslyn photos,Pearl 06.2012.JPG,N,2012,13/03/1969,43,0,230,130,1.769230769,,,,,,,,
Edinburgh,Pearl,Vanessa photos 27.11.13 -Pearl,2013-11-27 14.07.23,N,2013,13/03/1969,44,0,1033,466,2.216738197,,,,,,,,
Edinburgh,Pearl,Vanessa photos 27.11.13 -Pearl,2013-11-27 14.07.32,N,2013,13/03/1969,44,0,1010,469,2.153518124,,,,,,,,
Edinburgh,Pearl,Vanessa photos 27.11.13 -Pearl,2013-11-27 14.07.53-2,N,2013,13/03/1969,44,0,870,421,2.066508314,,,,,,,,
Edinburgh,Pearl,Vanessa photos 27.11.13 -Pearl,2013-11-27 14.11.34-1 (dragged),N,2013,13/03/1969,44,0,N/A,N/A,N/A,,,,,,,,
Edinburgh,Pearl,Vanessa photos 27.11.13 -Pearl,2013-11-27 14.11.40-1-1 (dragged),N,2013,13/03/1969,44,0,N/A,N/A,N/A,,,,,,,,
Edinburgh,Pearl,Vanessa photos 27.11.13 -Pearl,2013-11-27 14.11.42-1 (dragged),N,2013,13/03/1969,44,0,N/A,N/A,N/A,,,,,,,,
Edinburgh,Qafzeh,Edinburgh New,Qafzeh 1 DSCF1532.JPG,N,2008,31/03/1992,16,1,813,570,1.426315789,,,,,,,,
Edinburgh,Qafzeh,Edinburgh New,Qafzeh - face (with food).JPG,N,2009,31/03/1992,17,1,388,239,1.623430962,,,,,,,,
Edinburgh,Qafzeh,Edinburgh New,Qafzeh P1000246.JPG,N,2009,31/03/1992,17,1,812,531,1.529190207,,,,,,,,
Edinburgh,Qafzeh,Edinburgh New,Edinburgh - Kinda (left) and Qafzeh (middle).tem,N,2010,31/03/1992,18,1,292,226,1.292035398,,,,,,,,
Edinburgh,Qafzeh,Edinburgh New,Edinburgh - Qafzeh 3.JPG,N,2010,31/03/1992,18,1,358,260,1.376923077,,,,,,,,
Edinburgh,Qafzeh,Edinburgh New,Qafzeh face P1120507.JPG,N,2010,31/03/1992,18,1,623,441,1.412698413,,,,,,,,
Edinburgh,Qafzeh,Edinburgh New,Qafzeh.JPG,N,2010,31/03/1992,18,1,168,116,1.448275862,,,,,,,,
Edinburgh,Qafzeh,Roslyn photos,Qafzeh 04.2012.JPG,N,2012,31/03/1992,20,1,990,610,1.62295082,,,,,,,,
Edinburgh,Rene,Edinburgh New,Holland - Paul (left) and Rene (right).JPG,N,2010,21/02/1993,17,1,408,260,1.569230769,,,,,,,,
Edinburgh,Rene,Edinburgh New,Holland - Rene 1.JPG,N,2010,21/02/1993,17,1,428,254,1.68503937,,,,,,,,
Edinburgh,Rene,Edinburgh New,Rene Nov 2011RT.JPG,N,2011,21/02/1993,18,1,280,194,1.443298969,,,,,,,,
Edinburgh,Rene,Edinburgh New,Holland - Rene 2.JPG,N,2012,21/02/1993,19,1,N/A,N/A,N/A,,,,,,,,
Edinburgh,Rene,Vanessa photos 27.11.13 -Rene,2013-11-27 13.56.15,N,2013,21/02/1993,20,1,591,460,1.284782609,,,,,,,,
Edinburgh,Rene,Vanessa photos 27.11.13 -Rene,2013-11-27 13.57.01,N,2013,21/02/1993,20,1,562,385,1.45974026,,"1300, 632","1436, 1203","1231, 726","1425, 665","1119, 770","1539, 661","1416, 1110"
Edinburgh,Rene,Vanessa photos 27.11.13 -Rene,2013-11-27 13.57.07,N,2013,21/02/1993,20,1,851,582,1.462199313,,,,,,,,
Edinburgh,Sophie,Edinburgh New,Sophie2010.jpg,N,2010,22/11/1981,29,0,103,48,2.145833333,,,,,,,,
Edinburgh,Sophie,Edinburgh New,Holland - Sophie 1.JPG,N,2010,22/11/1981,29,0,492,267,1.842696629,,,,,,,,
Edinburgh,Sophie,Vanessa photos 27.11.13 -Sophie,2013-11-27 14.32.43,N,2013,22/11/1981,32,0,615,419,1.46778043,,,,,,,,
Edinburgh,Sophie,Vanessa photos 27.11.13 -Sophie,2013-11-27 14.32.47,N,2013,22/11/1981,32,0,678,434,1.562211982,,,,,,,,
Edinburgh,Sophie,Vanessa photos 27.11.13 -Sophie,2013-11-27 14.37.34-1,N,2013,22/11/1981,32,0,802,488,1.643442623,,"1372, 418","1364, 1282","1212, 522","1548, 524","1026, 568","1686, 568","1376, 1048"
Edinburgh,Sophie,Vanessa photos 27.11.13 -Sophie,2013-11-27 14.37.34-2,N,2013,22/11/1981,32,0,802,472,1.699152542,,,,,,,,
Edinburgh,Sophie,Vanessa photos 27.11.13 -Sophie,Sophie,N,2013,22/11/1981,32,0,N/A,N/A,N/A,,,,,,,,
Japan,Akira,Not online,akira20030324_1,N,2003,01/01/1980,23,1,170,126,1.349206349,,,,,,,,
Japan,Akira,Not online,akira20030324_2,N,2003,01/01/1980,23,1,170,116,1.465517241,,,,,,,,
Japan,Aruku,Online images,Aruku.20020618_1,N,2002,12/07/1989,13,1,83,57,1.456140351,,,,,,,,
Japan,Aruku,Online images,Aruku.20020618_2,N,2002,12/07/1989,13,1,82,48,1.708333333,,,,,,,,
Japan,Aruku,Online images,Aruku.20020618_3,N,2002,12/07/1989,13,1,84,45,1.866666667,,,,,,,,
Japan,Aruku,Online images,Aruku.20020618_4,N,2002,12/07/1989,13,1,92,48,1.916666667,,,,,,,,
Japan,Ayumu,Not online,Ayumu.20001211_26,N,2000,4/24/2000,0,1,N/A,N/A,N/A,,,,,,,,
Japan,Ayumu,Not online,Ayumu.20060611_ 019,N,2006,4/24/2000,6,1,237,153,1.549019608,,,,,,,,
Japan,Ayumu,Not online,Ayumu.20080501_007,N,2008,4/24/2000,8,1,360,162,2.222222222,,,,,,,,
Japan,Ayumu,Online images,Ayumu.20000723,N,2000,4/24/2000,0,1,N/A,N/A,N/A,,,,,,,,
Japan,Black,Online images,Black.20030205,N,2003,2/21/1971,32,1,141,81,1.740740741,,,,,,,,
Japan,Chiko,Online images,Chiko.20031029,N,2003,6/26/1989,14,0,223,116,1.922413793,,,,,,,,
Japan,Chloe,Online images,Chloe20050407,N,2005,12/12/1980,25,0,123,72,1.708333333,,,,,,,,
Japan,Cleo,Not online,Cleo.20050414,N,2005,6/19/2000,5,0,185,104,1.778846154,,,,,,,,
Japan,Cleo,Not online,Cleo.20060611???? 024,N,2006,6/19/2000,6,0,210,137,1.532846715,,"884, 398","776, 593","836, 407","907, 448","783, 389","936, 476","797, 552"
Japan,Cleo,Not online,Cleo.20060611???? 036,N,2006,6/19/2000,6,0,245,145,1.689655172,,,,,,,,
Japan,Cleo,Not online,Cleo.20060611???? 063,N,2006,6/19/2000,6,0,471,266,1.770676692,,,,,,,,
Japan,Cleo,Not online,Cleo.20060611???? 072,N,2006,6/19/2000,6,0,444,298,1.489932886,,,,,,,,
Japan,Cleo,Not online,Cleo.20060611???? 084,N,2006,6/19/2000,6,0,190,108,1.759259259,,,,,,,,
Japan,Cleo,Online images,Cleo.20050409,N,2005,6/19/2000,5,0,78,34,2.294117647,,,,,,,,
Japan,Cleo,Online images,Cleo.20060611,N,2006,6/19/2000,6,0,N/A,N/A,N/A,,,,,,,,
Japan,Conan,Online images,Conan_jp.20031022,N,2003,03/12/1997,6,1,162,100,1.62,No pers data,,,,,,,
Japan,Cookie,Online images,Cookie.20111113,N,2011,02/12/1991,20,0,74,40,1.85,,,,,,,,
Japan,Cookie,Online images,Cookie.20121229,N,2012,02/12/1991,21,0,155,112,1.383928571,,,,,,,,
Japan,Daio,Online images,Daio.20011106,N,2001,5/17/1986,15,1,54,30,1.8,,,,,,,,
Japan,Gon,Not online,Gon.19990812_17,N,1999,01/01/1966,33,1,436,259,1.683397683,,,,,,,,
Japan,Gon,Not online,Gon.19990812_23,N,1999,01/01/1966,33,1,N/A,N/A,N/A,,,,,,,,
Japan,Gon,Not online,Gon.20080501,N,2008,01/01/1966,42,1,230,154,1.493506494,,,,,,,,
Japan,Gon,Not online,gon040609_6,N,2004,01/01/1966,38,1,N/A,N/A,N/A,,,,,,,,
Japan,Gon,Online images,Gon.20070620,N,2007,01/01/1966,41,1,88,40,2.2,,"312, 54.4","314, 138.4","296.4, 62","329.6, 61.2","280, 66.4","347.2, 66","314.4, 108.4"
Japan,Hope,Online images,Hope.20030401_1,N,2003,06/04/1990,13,1,178,96,1.854166667,,,,,,,,
Japan,Hope,Online images,Hope.20030401_2,N,2003,06/04/1990,13,1,107,60,1.783333333,,,,,,,,
Japan,Ichigo,Online images,Ichigo.20030211_1,N,2003,01/01/1980,23,0,118,55,2.145454545,,,,,,,,
Japan,Ichigo,Online images,Ichigo.20030211_2,N,2003,01/01/1980,23,0,137,57,2.403508772,,,,,,,,
Japan,James,Online images,James20041102,N,2004, 05/09/1993,11,1,155,74,2.094594595,,"321.5, 58.5","335, 210","293, 80.5","352.5, 79.5","257, 89.5","383, 88.5","331.5, 163"
Japan,Kanae,Online images,Kanae.20030129_1,N,2003,2/21/1979,24,0,133,68,1.955882353,,,,,,,,
Japan,Kanae,Online images,Kanae.20030129_2,N,2003,2/21/1979,24,0,129,64,2.015625,,,,,,,,
Japan,Kanao,Online images,Kanao.20041101,N,2004,6/13/1990,14,1,120,56,2.142857143,,,,,,,,
Japan,Kazuma,Online images,Kazuma.20030205_1,N,2003,7/21/1999,4,1,242,133,1.819548872,,,,,,,,
Japan,Kazuma,Online images,Kazuma.20030205_2,N,2003,7/21/1999,4,1,75,44,1.704545455,,,,,,,,
Japan,Kazumi,Online images,Kazumi.20030205,N,2003,12/19/1986,17,0,115,66,1.742424242,,,,,,,,
Japan,Kazuya,Online images,Kazuya.20041028,N,2004,9/18/1987,17,1,239,128,1.8671875,,,,,,,,
Japan,Koiko,Online images,Koiko.20031023,N,2003,2/21/1977,26,0,N/A,N/A,N/A,,,,,,,,
Japan,Konatsu,Online images,Konatsu.20030702,N,2003,2/21/1977,26,0,305,157,1.942675159,,"227, 212.5","229, 487","170.5, 249","282, 249","115.5, 255","337, 257.5","226, 413.5"
Japan,Kotaro,Online images,Kotaro.20030415,N,2003,5/15/1993,10,1,223,109,2.04587156,,,,,,,,
Japan,Kotetsu,Online images,Kotetsu.20020619_1,N,2002,1/31/1990,12,1,53,29,1.827586207,,,,,,,,
Japan,Kotetsu,Online images,Kotetsu.20020619_2,N,2002,1/31/1990,12,1,72,41,1.756097561,,,,,,,,
Japan,Kotetsu,Online images,Kotetsu.20020619_3,N,2002,1/31/1990,12,1,64,31,2.064516129,,,,,,,,
Japan,Kotetsu,Online images,Kotetsu.20020619_4,N,2002,1/31/1990,12,1,156,92,1.695652174,,,,,,,,
Japan,Lennon,Online images,Lennon.20041006,N,2004,2/21/1970,34,1,117,42,2.785714286,,,,,,,,
Japan,Lennon,Online images,Lennon.20111013,N,2011,2/21/1970,41,1,94,31,3.032258065,,,,,,,,
Japan,Maruku,Online images,Maruku.20060521_1,N,2006,2/21/1980,26,1,168,100,1.68,,,,,,,,
Japan,Maruku,Online images,Maruku.20060521_2,N,2006,2/21/1980,26,1,182,98,1.857142857,,,,,,,,
Japan,Miki,Online images,Miki.20030414,N,2003,2/21/1976,27,0,113,61,1.852459016,,,,,,,,
Japan,Mimi,Online images,Mimi.20051006,N,2005,01/01/1956,49,0,100,57,1.754385965,,,,,,,,
Japan,Mimi,Not online,mimie20051006,N,2005,01/01/1956,49,0,159,96,1.65625,,,,,,,,
Japan,Miro,Online images,Miro.20070927,N,2007,2/21/1973,34,0,59,31,1.903225806,,,,,,,,
Japan,Misaki,Online images,Misaki.20060628,N,2006,1/14/1999,7,0,68,38,1.789473684,,,,,,,,
Japan,Misaki,Online images,Misaki.20070113,N,2007,1/14/1999,8,0,247,140,1.764285714,,,,,,,,
Japan,Mizuki,Online images,Mizuki.20050705_1,N,2005,12/16/1996,9,0,47,26,1.807692308,,,,,,,,
Japan,Mizuki,Online images,Mizuki.20050705_2,N,2005,12/16/1996,9,0,52,24,2.166666667,,,,,,,,
Japan,Mizuki,Online images,Mizuki.20070113,N,2007,12/16/1996,11,0,N/A,N/A,N/A,,,,,,,,
Japan,Mizuo,Online images,Mizuo.20020619_1,N,2002,11/02/1989,13,1,59,28,2.107142857,,,,,,,,
Japan,Mizuo,Online images,Mizuo.20020619_2,N,2002,11/02/1989,13,1,75,39,1.923076923,,,,,,,,
Japan,Naoko,Not online,Naoko.JMC.2013-07-24 06.04.02,N,2013,9/15/1981,32,0,239,142,1.683098592,,,,,,,,
Japan,Naoko,Not online,Naoko.JMC.040609_1,N,2004,9/15/1981,,0,132,85,1.552941176,,,,,,,,
Japan,Naoko,Not online,Naoko.JMC.040609_2,N,2004,9/15/1981,,0,134,79,1.696202532,,,,,,,,
Japan,Naoya,Online images,Naoya.20090731,N,2009,01/01/1981,28,1,167,76,2.197368421,,,,,,,,
Japan,Nicky,Online images,Nicky.20010227,N,2001,8/30/1988,13,1,42,20,2.1,,,,,,,,
Japan,Niko,Online images,Niko.20031029,N,2003,2/21/1974,29,0,130,71,1.830985915,,,,,,,,
Japan,Nono,Online images,Nono20041213,N,2004,5/25/1992,12,0,158,90,1.755555556,,,,,,,,
Japan,Nozomi,Online images,Nozomi20030509,N,2003,2/21/1978,25,0,151,87,1.735632184,,,,,,,,
Japan,Pal,Not online,Pal.20060611???? 005,N,2006,08/09/2000,6,0,219,118,1.855932203,,,,,,,,
Japan,Pal,Not online,Pal.20060611???? 006,N,2006,08/09/2000,6,0,202,120,1.683333333,,,,,,,,
Japan,Pal,Not online,Pal.20060611???? 008,N,2006,08/09/2000,6,0,271,148,1.831081081,,,,,,,,
Japan,Pal,Online images,Pal.20050414,N,2005,08/09/2000,5,0,76,40,1.9,,,,,,,,
Japan,Pal,Online images,Pal.20060611,N,2006,08/09/2000,6,0,85,43,1.976744186,,"193.5, 116.5","198, 200.5","177.5, 129","211, 128.5","157.5, 135","226, 131.5","196, 180"
Japan,Pan,Online images,Pan.20050414,N,2005,12/07/1983,22,0,129,73,1.767123288,,,,,,,,
Japan,Pan,Online images,Pan.20060611_1,N,2006,12/07/1983,23,0,84,54,1.555555556,,,,,,,,
Japan,Pan,Online images,Pan.20060611_2,N,2006,12/07/1983,23,0,116,58,2,,,,,,,,
Japan,Pendesa,Online images,Pendesa.20050409,N,2005,02/02/1977,28,0,143,62,2.306451613,,,,,,,,
Japan,Puchi,Online images,Puchi20050414,N,2005,01/01/1966,39,0,70,30,2.333333333,,,,,,,,
Japan,Reiko,Online images,Reiko.20050414,N,2005,01/01/1966,39,0,162,93,1.741935484,,,,,,,,
Japan,Reo,Online images,Reo.20050414_1,N,2005,5/18/1982,23,1,131,76,1.723684211,,,,,,,,
Japan,Reo,Online images,Reo.20050414_2,N,2005,5/18/1982,23,1,125,59,2.118644068,,,,,,,,
Japan,Ryu,Online images,Ryu.20121026,N,2012,2/20/1997,15,1,206,111,1.855855856,,,,,,,,
Japan,Sachi,Online images,Sachi.20030512,N,2003,2/21/1977,26,0,125,76,1.644736842,,,,,,,,
Japan,Sakura,Online images,Sakura.20050930,N,2005,4/26/1991,14,0,124,73,1.698630137,,,,,,,,
Japan,Sanzo,Online images,Sanzo.20030402,N,2003,2/21/1974,29,1,179,104,1.721153846,,,,,,,,
Japan,Satoru,Online images,Satoru.20050908,N,2005,1/24/1995,10,1,353,171,2.064327485,,,,,,,,
Japan,Shiomi,Online images,Shiomi.20021112_1,N,2002,01/01/1980,22,0,106,49,2.163265306,,,,,,,,
Japan,Shiomi,Online images,Shiomi.20021112_2,N,2002,01/01/1980,22,0,104,45,2.311111111,,,,,,,,
Japan,Shiomi,Online images,Shiomi.20030410,N,2003,01/01/1980,23,0,123,69,1.782608696,,"335.6, 84","342.4, 208","314, 102.4","361.2, 78.8","281.2, 110","384, 102.8 ","341.2, 179.2"
Japan,Susumu,Online images,Susumu.20021128,N,2002,2/21/1978,24,1,86,47,1.829787234,,,,,,,,
Japan,Suzumi,Online images,Suzumi.20030312,N,2003,8/25/1996,7,0,223,113,1.973451327,,,,,,,,
Japan,Suzumi,Online images,Suzumi.20090417,N,2009,8/25/1996,13,0,200,95,2.105263158,,,,,,,,
Japan,Suzumi,Online images,Suzumi.20090429,N,2009,8/25/1996,13,0,141,86,1.639534884,,,,,,,,
Japan,Takashi,Online images,Takashi.20090406,N,2009,4/30/1988,21,1,200,115,1.739130435,,,,,,,,
Japan,Tamae,Online images,Tamae.20030320,N,2003,2/21/1979,24,0,99,54,1.833333333,,,,,,,,
Japan,Tom,Online images,Tom.20050706,N,2005,8/26/1996,9,1,209,130,1.607692308,,,,,,,,
Japan,Tsubaki,Online images,Tsubaki.20061020,N,2006,2/17/1996,10,0,113,58,1.948275862,,,,,,,,
Japan,Tsubaki,Online images,Tsubaki.20070113,N,2007,2/17/1996,11,0,263,131,2.007633588,,,,,,,,
Japan,Tsutomu,Not online,Tsutomu.JMC.Alpha.Male. 2013-07-24 06.04.13-1,N,2013,01/01/1985,28,1,394,234,1.683760684,No pers data,,,,,,,
Japan,Tsutomu,Not online,Tsutomu.JMC.Alpha.Male. 2013-07-24 06.04.13-2,N,2013,01/01/1985,28,1,362,188,1.925531915,No pers data,,,,,,,
Japan,Tsutomu,Not online,Tsutomu.JMC.Alpha.Male.2013-07-24 06.03.56,N,2013,01/01/1985,28,1,399,241,1.65560166,No pers data,,,,,,,
Japan,Yamato,Online images,Yamato.20060126_1,N,2006,06/02/1999,7,1,222,132,1.681818182,,,,,,,,
Japan,Yamato,Online images,Yamato.20060126_2,N,2006,06/02/1999,7,1,110,54,2.037037037,,,,,,,,
Japan,Yoshizu,Online images,Yoshizu.20031022,N,2003,8/29/1990,13,0,97,49,1.979591837,,,,,,,,
Japan,Yotaro,Online images,Yotaro.20060126,N,2006,01/01/1963,43,1,306,161,1.900621118,,,,,,,,
Japan,Yukio,Online images,Yukio.20050930,N,2005,1/26/1987,18,1,273,113,2.415929204,,,,,,,,
Japan,Yukio,Online images,Yukio.20070718,N,2007,1/26/1987,20,1,90,43,2.093023256,,,,,,,,
Japan,Yuko,Online images,Yuko.20031023,N,2003,01/01/1978,25,0,116,51,2.274509804,,,,,,,,
Japan,Yuri,Online images,Yuri.20121026,N,2012,01/01/1971,41,0,143,98,1.459183673,,A,,,,,,
Yerkes,Agatha,,,,,,,0,,,1.34,,"78.5, 7.5","80.5, 166.5","59,68.5","99.5, 70.5","34.76, 73.5","125.5, 77","76.5, 135"
Yerkes,Barbie,,,,,,,0,,,1.06,,"80.5, 66","88.5, 174","63, 81","99.5, 79","44, 85.5","121, 82","84.5, 152.5"
Yerkes,Barney,,,,,,,1,,,1.55,,"95, 52","101, 164","75, 63.5","114.5, 62","44.5, 69","144, 67","97, 124.5"
Yerkes,Bjorn,,,,,,,1,,,1.16,,"100, 58","99.5, 175.5","79.5, 73.5","115, 73.5","58, 77","138, 74.5","99, 142.5"
Yerkes,Callie,,,,,,,0,,,1.33,,"88, 51","93, 170","65, 62","114, 62","41.5, 66.5","137.5, 66.5","91.5, 134"
Yerkes,Conan,,,,,,,1,,,1.04,REDO,"81, 66","80, 67.5","64, 76","102, 76","40.5, 79","103, 79","78, 133.5"
Yerkes,Cynthia,,,,,,,0,,,1.19,,"87, 60.5","87, 166.5","68, 74","105.5, 75.5","49, 78.5","129, 80.5","86.5, 141"
Yerkes,Duff,,,,,,,1,,,1.41,,"79, 57.5","75.5, 163","61, 69.5","99, 71","41, 72.5","127.5, 75.5","74, 129.5"
Yerkes,Fiona,,,,,,,0,,,1.08,,"101, 52","98.5, 167.5","79.5, 67.5","121, 69.5","56, 75","139, 73.5","101, 145"
Yerkes,Fritz,,,,,,,1,,,1.31,,"91.5, 64.5","94, 167","72.5, 79","101.5, 77.5","46, 84","134.5, 80","93.5, 143.5"
Yerkes,Georgia,,,,,,,0,,,1.18,,"96, 57","98, 165.5","77, 69","117, 68.5","52, 74.5","136, 70","78, 140"
Yerkes,Jimmy,,,,,,,1,,,1.1,,"98, 62.5","96, 164","78.5, 73.5","114.5, 75.5","57, 78","133.5, 80","96, 143.5"
Yerkes,Kengee,,,,,,,1,,,1.33,,"96.5, 63","97, 168","79, 75","115, 76","51, 80","137.5, 80","97.5, 139.5"
Yerkes,Lee,,,,,,,1,,,2.01,,"97, 56","101, 149.5","77.5, 65","116, 65.5","44.5, 74.5","141.5, 76","100.5, 112.5"
Yerkes,Les,,,,,,,1,,,1.46,,"89.5, 45.5","94, 162","67.5, 61.5","110, 61","40, 66","138, 68.5","92.5, 127.5"
Yerkes,Martha,,,,,,,0,,,N/A,,X,,,,,,
Yerkes,Mason,,,,,,,1,,,1.15,,"93.5, 57","94.5, 165.5","77, 71","109.5, 70.5","55.5, 74.5","129, 74.5","96.5, 134"
Yerkes,Merv,,,,,,,1,,,1.2,,"82, 55","89.5, 156","65.5, 68.5","100, 67","46.5, 72","124, 72","83, 131"
Yerkes,Phineus,,,,,,,1,,,1.12,,"87.5, 62","88.5, 168","68.5, 76","108, 76.5","48.5, 78","126, 79.5","89.5, 145"
Yerkes,Rhett,,,,,,,1,,,1.35,,"101, 70","106, 160","83.5, 83.5","120, 81.5","62.5, 86","139.5, 82.5","105.5, 137.5"
Yerkes,Rita,,,,,,,0,,,N/A,,X,,,,,,
Yerkes,Rowena,,,,,,,0,,,1.41,,"103, 38","105.5, 153.5","81.5, 55","124.5, 55.5","55.5, 62.5","147.5, 61.5","105, 120"
Yerkes,Rufus,,,,,,,1,,,N/A,,X,,,,,,
Yerkes,Sheila,,,,,,,0,,,1.05,,"110.5, 46","106, 167","89.5, 62.5","128.5, 61","67, 69.5","148, 68","110, 139"
